Sample_ID,Genus,species,BM_ug.L,RA_BM,Total_BM,SampleDate,GenusSpecies,Taxonomic_group,Functional_classification
IP21_047_MB,Aphanocapsa,holsatica,1210.87802,0.132012922,9172.420399,2021-06-29T00:00:00Z,Aphanocapsa_holsatica,Cyanobacteria,K
IP21_047_MB,Aulacoseira,granulata,525.5890315,0.057301019,9172.420399,2021-06-29T00:00:00Z,Aulacoseira_granulata,Bacillariophyta,P
IP21_047_MB,unk_flag_green,sp.,10.35510635,0.001128939,9172.420399,2021-06-29T00:00:00Z,unk_flag_green_sp.,Chlorophyta,X2
IP21_047_MB,Gloeotrichia,echinulata,7278.091003,0.793475515,9172.420399,2021-06-29T00:00:00Z,Gloeotrichia_echinulata,Cyanobacteria,H2
IP21_047_MB,Kirchneriella,lunaris,5.62005003,6.13E-04,9172.420399,2021-06-29T00:00:00Z,Kirchneriella_lunaris,Chlorophyta,F
IP21_047_MB,Merismopedia,sp.,0.724975385,7.90E-05,9172.420399,2021-06-29T00:00:00Z,Merismopedia_sp.,Cyanobacteria,Lo
IP21_047_MB,Merismopedia,sp2,28.56786465,0.003114539,9172.420399,2021-06-29T00:00:00Z,Merismopedia_sp2,Cyanobacteria,Lo
IP21_047_MB,Oocystis,parva,7.282056968,7.94E-04,9172.420399,2021-06-29T00:00:00Z,Oocystis_parva,Chlorophyta,F
IP21_047_MB,Planktolyngbya,limnetica,0.944612421,1.03E-04,9172.420399,2021-06-29T00:00:00Z,Planktolyngbya_limnetica,Cyanobacteria,S1
IP21_047_MB,Scenedesmus,sp.,0.521690161,5.69E-05,9172.420399,2021-06-29T00:00:00Z,Scenedesmus_sp.,Chlorophyta,J
IP21_047_MB,Schroederia,setigera,3.260380112,3.55E-04,9172.420399,2021-06-29T00:00:00Z,Schroederia_setigera,Chlorophyta,X3
IP21_047_MB,Snowella,atomus,0.394479589,4.30E-05,9172.420399,2021-06-29T00:00:00Z,Snowella_atomus,Cyanobacteria,Lo
IP21_047_MB,Sphaerocystis,planctonica,3.8863037,4.24E-04,9172.420399,2021-06-29T00:00:00Z,Sphaerocystis_planctonica,Chlorophyta,F
IP21_047_MB,Synedra,sp.,34.43253918,0.003753921,9172.420399,2021-06-29T00:00:00Z,Synedra_sp.,Bacillariophyta,D
IP21_047_MB,unk_algae,sp.,52.78813461,0.005755093,9172.420399,2021-06-29T00:00:00Z,unk_algae_sp.,UNK,UNK
IP21_047_MB,unk_algae,sp2,9.084151713,9.90E-04,9172.420399,2021-06-29T00:00:00Z,unk_algae_sp2,UNK,UNK
IP21_064_MB,Aphanizomenon,flos-aquae,2.504881751,5.32E-04,4709.632519,2021-08-03T00:00:00Z,Aphanizomenon_flos-aquae,Cyanobacteria,H1
IP21_064_MB,Aphanocapsa,holsatica,90.25249926,0.019163385,4709.632519,2021-08-03T00:00:00Z,Aphanocapsa_holsatica,Cyanobacteria,K
IP21_064_MB,Aphanothece,sp.,0.02862722,6.08E-06,4709.632519,2021-08-03T00:00:00Z,Aphanothece_sp.,Cyanobacteria,K
IP21_064_MB,Aulacoseira,granulata,324.7632447,0.068957237,4709.632519,2021-08-03T00:00:00Z,Aulacoseira_granulata,Bacillariophyta,P
IP21_064_MB,centric_diatom,sp2,81.77440401,0.017363224,4709.632519,2021-08-03T00:00:00Z,centric_diatom_sp2,Bacillariophyta,B
IP21_064_MB,Chlamydomonas,globosa,7.617058914,0.001617336,4709.632519,2021-08-03T00:00:00Z,Chlamydomonas_globosa,Chlorophyta,X2
IP21_064_MB,Chlamydomonas,sp.,114.8033156,0.024376279,4709.632519,2021-08-03T00:00:00Z,Chlamydomonas_sp.,Chlorophyta,X2
IP21_064_MB,Chroococcus,aphanocapsoides,13.3179043,0.002827801,4709.632519,2021-08-03T00:00:00Z,Chroococcus_aphanocapsoides,Cyanobacteria,Lo
IP21_064_MB,Chroomonas,sp.,7.023659384,0.001491339,4709.632519,2021-08-03T00:00:00Z,Chroomonas_sp.,Cryptophyta,X2
IP21_064_MB,coccoid_green,sp.,7.52572605,0.001597943,4709.632519,2021-08-03T00:00:00Z,coccoid_green_sp.,Chlorophyta,UNK
IP21_064_MB,Desmodesmus,communis,3.840923997,8.16E-04,4709.632519,2021-08-03T00:00:00Z,Desmodesmus_communis,Chlorophyta,J
IP21_064_MB,Desmodesmus,irregulares,9.55630263,0.002029097,4709.632519,2021-08-03T00:00:00Z,Desmodesmus_irregulares,Chlorophyta,J
IP21_064_MB,Dimorphococcus,sp.,59.94217886,0.01272757,4709.632519,2021-08-03T00:00:00Z,Dimorphococcus_sp.,Chlorophyta,F
IP21_064_MB,Dolichospermum,affine,1013.010145,0.215093246,4709.632519,2021-08-03T00:00:00Z,Dolichospermum_affine,Cyanobacteria,H1
IP21_064_MB,Dolichospermum,flos-aquae,618.10963,0.131243707,4709.632519,2021-08-03T00:00:00Z,Dolichospermum_flos-aquae,Cyanobacteria,H1
IP21_064_MB,unk_flag_green,sp.,202.6978648,0.043038998,4709.632519,2021-08-03T00:00:00Z,unk_flag_green_sp.,Chlorophyta,X2
IP21_064_MB,Golenkinia,paucispina,35.83971493,0.007609875,4709.632519,2021-08-03T00:00:00Z,Golenkinia_paucispina,Chlorophyta,J
IP21_064_MB,Kirchneriella,lunaris,6.540575465,0.001388766,4709.632519,2021-08-03T00:00:00Z,Kirchneriella_lunaris,Chlorophyta,F
IP21_064_MB,Merismopedia,sp.,1.284835839,2.73E-04,4709.632519,2021-08-03T00:00:00Z,Merismopedia_sp.,Cyanobacteria,Lo
IP21_064_MB,Merismopedia,sp2,6.77255412,0.001438022,4709.632519,2021-08-03T00:00:00Z,Merismopedia_sp2,Cyanobacteria,Lo
IP21_064_MB,Microcystis,wesenbergii,815.2676913,0.173106434,4709.632519,2021-08-03T00:00:00Z,Microcystis_wesenbergii,Cyanobacteria,M
IP21_064_MB,Monoraphidium,minutum,1.377923523,2.93E-04,4709.632519,2021-08-03T00:00:00Z,Monoraphidium_minutum,Chlorophyta,X1
IP21_064_MB,Pedimonas,sp.,3.482676895,7.39E-04,4709.632519,2021-08-03T00:00:00Z,Pedimonas_sp.,Chlorophyta,UNK
IP21_064_MB,Peridiniopsis,sp.,991.6868649,0.210565657,4709.632519,2021-08-03T00:00:00Z,Peridiniopsis_sp.,Dinophyceae,Lo
IP21_064_MB,Pseudoanabaena,limnetica,38.90856596,0.008261487,4709.632519,2021-08-03T00:00:00Z,Pseudoanabaena_limnetica,Cyanobacteria,S1
IP21_064_MB,Scenedesmus,sp.,9.96355789,0.00211557,4709.632519,2021-08-03T00:00:00Z,Scenedesmus_sp.,Chlorophyta,J
IP21_064_MB,Sphaerocystis,planctonica,27.35438982,0.005808179,4709.632519,2021-08-03T00:00:00Z,Sphaerocystis_planctonica,Chlorophyta,F
IP21_064_MB,Staurastrum,sp.,78.17139546,0.016598194,4709.632519,2021-08-03T00:00:00Z,Staurastrum_sp.,Desmidiaceae,N
IP21_064_MB,Stipitococcus,sp.,7.57503706,0.001608414,4709.632519,2021-08-03T00:00:00Z,Stipitococcus_sp.,Xanthophyceae,NA
IP21_064_MB,Stipitococcus,sp.,7.57503706,0.001608414,4709.632519,2021-08-03T00:00:00Z,unk_xanthophyte_sp.,Xanthophyceae,UNK
IP21_064_MB,Synedra,sp.,16.61365317,0.00352759,4709.632519,2021-08-03T00:00:00Z,Synedra_sp.,Bacillariophyta,D
IP21_064_MB,unk_algae,sp.,20.61159841,0.004376477,4709.632519,2021-08-03T00:00:00Z,unk_algae_sp.,UNK,UNK
IP21_064_MB,unk_algae,sp2,45.05478187,0.009566517,4709.632519,2021-08-03T00:00:00Z,unk_algae_sp2,UNK,UNK
IP21_064_MB,unk_algae,sp7,5.908141662,0.00125448,4709.632519,2021-08-03T00:00:00Z,unk_algae_sp7,UNK,UNK
IP21_064_MB,unk_algae,sp8,3.590473971,7.62E-04,4709.632519,2021-08-03T00:00:00Z,unk_algae_sp8,UNK,UNK
IP21_064_MB,unk_colonial_green,sp.,2.615556263,5.55E-04,4709.632519,2021-08-03T00:00:00Z,unk_colonial_green_sp.,Chlorophyta,UNK
IP21_064_MB,Stipitococcus,sp.,1.812258797,3.85E-04,4709.632519,2021-08-03T00:00:00Z,Stipitococcus_sp.,Xanthophyceae,NA
IP21_064_MB,Stipitococcus,sp.,1.812258797,3.85E-04,4709.632519,2021-08-03T00:00:00Z,unk_xanthophyte_sp.,Xanthophyceae,UNK
IP21_064_MB,Woronichinia,sp.,32.43190542,0.006886292,4709.632519,2021-08-03T00:00:00Z,Woronichinia_sp.,Cyanobacteria,Lo
IP21_036_MB,Aulacoseira,granulata,147.0594215,0.083770452,1755.504701,2021-06-07T00:00:00Z,Aulacoseira_granulata,Bacillariophyta,P
IP21_036_MB,branched_filament,sp.,55.16487241,0.031423939,1755.504701,2021-06-07T00:00:00Z,branched_filament_sp.,Chlorophyta,MP
IP21_036_MB,Cavinula,sp.,10.4046918,0.005926895,1755.504701,2021-06-07T00:00:00Z,Cavinula_sp.,Bacillariophyta,NA
IP21_036_MB,centric_diatom,sp.,5.669254164,0.003229416,1755.504701,2021-06-07T00:00:00Z,centric_diatom_sp.,Bacillariophyta,B
IP21_036_MB,centric_diatom,sp2,1.027721646,5.85E-04,1755.504701,2021-06-07T00:00:00Z,centric_diatom_sp2,Bacillariophyta,B
IP21_036_MB,Chlamydomonas,sp2,10.05248705,0.005726266,1755.504701,2021-06-07T00:00:00Z,Chlamydomonas_sp2,Chlorophyta,X2
IP21_036_MB,Chlorolobion,braunii,1.607340456,9.16E-04,1755.504701,2021-06-07T00:00:00Z,Chlorolobion_braunii,Chlorophyta,X2
IP21_036_MB,Chromulina,sp.,2.386510599,0.001359444,1755.504701,2021-06-07T00:00:00Z,Chromulina_sp.,Chrysophyta,X3
IP21_036_MB,Chroomonas,sp.,2.765042574,0.00157507,1755.504701,2021-06-07T00:00:00Z,Chroomonas_sp.,Cryptophyta,X2
IP21_036_MB,Cosmarium,sp.,1.291582842,7.36E-04,1755.504701,2021-06-07T00:00:00Z,Cosmarium_sp.,Desmidiaceae,N
IP21_036_MB,Cryptomonas,erosa,4.135254514,0.002355593,1755.504701,2021-06-07T00:00:00Z,Cryptomonas_erosa,Cryptophyta,Y
IP21_036_MB,Pinnularia,sp.,1493.902177,0.850981587,1755.504701,2021-06-07T00:00:00Z,Pinnularia_sp.,Bacillariophyta,C
IP21_036_MB,Plagioselmis,nannoplanctica,10.39480931,0.005921265,1755.504701,2021-06-07T00:00:00Z,Plagioselmis_nannoplanctica,Cryptophyta,X2
IP21_036_MB,Pseudoanabaena,limnetica,0.277246028,1.58E-04,1755.504701,2021-06-07T00:00:00Z,Pseudoanabaena_limnetica,Cyanobacteria,S1
IP21_036_MB,Schroederia,setigera,0.693348647,3.95E-04,1755.504701,2021-06-07T00:00:00Z,Schroederia_setigera,Chlorophyta,X3
IP21_036_MB,Staurosira,construens,1.536340704,8.75E-04,1755.504701,2021-06-07T00:00:00Z,Staurosira_construens,Chlorophyta,MP
IP21_036_MB,Synedra,sp.,5.976875902,0.003404648,1755.504701,2021-06-07T00:00:00Z,Synedra_sp.,Bacillariophyta,D
IP21_036_MB,Tetrastrum,elegans,0.194480508,1.11E-04,1755.504701,2021-06-07T00:00:00Z,Tetrastrum_elegans,Chlorophyta,F
IP21_036_MB,unk_algae,sp6,0.965244242,5.50E-04,1755.504701,2021-06-07T00:00:00Z,unk_algae_sp6,UNK,UNK
IP21_068_MB,Aphanizomenon,flos-aquae,1975.558308,0.040804739,48414.92347,2021-08-10T00:00:00Z,Aphanizomenon_flos-aquae,Cyanobacteria,H1
IP21_068_MB,Aphanocapsa,holsatica,122.5034578,0.002530283,48414.92347,2021-08-10T00:00:00Z,Aphanocapsa_holsatica,Cyanobacteria,K
IP21_068_MB,Aulacoseira,granulata,50.49413058,0.001042946,48414.92347,2021-08-10T00:00:00Z,Aulacoseira_granulata,Bacillariophyta,P
IP21_068_MB,Chlamydomonas,sp.,410.1128547,0.008470794,48414.92347,2021-08-10T00:00:00Z,Chlamydomonas_sp.,Chlorophyta,X2
IP21_068_MB,Chromulina,sp.,26.12658422,5.40E-04,48414.92347,2021-08-10T00:00:00Z,Chromulina_sp.,Chrysophyta,X3
IP21_068_MB,Chroomonas,sp.,27.17969493,5.61E-04,48414.92347,2021-08-10T00:00:00Z,Chroomonas_sp.,Cryptophyta,X2
IP21_068_MB,Cryptomonas,ovata,187.9714477,0.00388251,48414.92347,2021-08-10T00:00:00Z,Cryptomonas_ovata,Cryptophyta,Y
IP21_068_MB,Desmodesmus,armatus,4.601791482,9.50E-05,48414.92347,2021-08-10T00:00:00Z,Desmodesmus_armatus,Chlorophyta,J
IP21_068_MB,Desmodesmus,opoliensis,18.00883129,3.72E-04,48414.92347,2021-08-10T00:00:00Z,Desmodesmus_opoliensis,Chlorophyta,J
IP21_068_MB,Dolichospermum,affine,11582.63213,0.239236816,48414.92347,2021-08-10T00:00:00Z,Dolichospermum_affine,Cyanobacteria,H1
IP21_068_MB,Dolichospermum,compactum,2746.661831,0.056731719,48414.92347,2021-08-10T00:00:00Z,Dolichospermum_compactum,Cyanobacteria,H1
IP21_068_MB,Dolichospermum,flos-aquae,23420.53343,0.483746162,48414.92347,2021-08-10T00:00:00Z,Dolichospermum_flos-aquae,Cyanobacteria,H1
IP21_068_MB,Dolichospermum,mucosum,4265.445313,0.08810187,48414.92347,2021-08-10T00:00:00Z,Dolichospermum_mucosum,Cyanobacteria,H1
IP21_068_MB,Fragilaria,crotonesis,3297.413754,0.068107383,48414.92347,2021-08-10T00:00:00Z,Fragilaria_crotonesis,Bacillariophyta,P
IP21_068_MB,Monoraphidium,minutum,1.180451987,2.44E-05,48414.92347,2021-08-10T00:00:00Z,Monoraphidium_minutum,Chlorophyta,X1
IP21_068_MB,Pseudoanabaena,limnetica,42.41591507,8.76E-04,48414.92347,2021-08-10T00:00:00Z,Pseudoanabaena_limnetica,Cyanobacteria,S1
IP21_068_MB,Romeria,sp.,3.49320743,7.22E-05,48414.92347,2021-08-10T00:00:00Z,Romeria_sp.,Cyanobacteria,S1
IP21_068_MB,Schroederia,setigera,6.083235695,1.26E-04,48414.92347,2021-08-10T00:00:00Z,Schroederia_setigera,Chlorophyta,X3
IP21_068_MB,Snowella,atomus,0.092029176,1.90E-06,48414.92347,2021-08-10T00:00:00Z,Snowella_atomus,Cyanobacteria,Lo
IP21_068_MB,Sphaerocystis,planctonica,2.44550563,5.05E-05,48414.92347,2021-08-10T00:00:00Z,Sphaerocystis_planctonica,Chlorophyta,F
IP21_068_MB,Tetraedron,sp.,26.52361969,5.48E-04,48414.92347,2021-08-10T00:00:00Z,Tetraedron_sp.,Chlorophyta,J
IP21_068_MB,unk_cyst,sp.,197.4459509,0.004078204,48414.92347,2021-08-10T00:00:00Z,unk_cyst_sp.,UNK,UNK
IP21_072_MB,Aphanizomenon,flos-aquae,2760.810568,0.054392382,50757.30207,2021-08-19T00:00:00Z,Aphanizomenon_flos-aquae,Cyanobacteria,H1
IP21_072_MB,Aphanocapsa,holsatica,128.3194092,0.002528098,50757.30207,2021-08-19T00:00:00Z,Aphanocapsa_holsatica,Cyanobacteria,K
IP21_072_MB,coccoid_green,sp.,33.86165734,6.67E-04,50757.30207,2021-08-19T00:00:00Z,coccoid_green_sp.,Chlorophyta,UNK
IP21_072_MB,Cuspidothrix,issatschenkoi,108.4808009,0.002137245,50757.30207,2021-08-19T00:00:00Z,Cuspidothrix_issatschenkoi,Cyanobacteria,S2
IP21_072_MB,Desmodesmus,communis,3.879721209,7.64E-05,50757.30207,2021-08-19T00:00:00Z,Desmodesmus_communis,Chlorophyta,J
IP21_072_MB,Dolichospermum,affine,12366.77526,0.243645244,50757.30207,2021-08-19T00:00:00Z,Dolichospermum_affine,Cyanobacteria,H1
IP21_072_MB,Dolichospermum,flos-aquae,35010.11061,0.689755152,50757.30207,2021-08-19T00:00:00Z,Dolichospermum_flos-aquae,Cyanobacteria,H1
IP21_072_MB,Frustulia,sp.,70.27264231,0.001384483,50757.30207,2021-08-19T00:00:00Z,Frustulia_sp.,Bacillariophyta,Tb
IP21_072_MB,Monoraphidium,contortum,14.45028789,2.85E-04,50757.30207,2021-08-19T00:00:00Z,Monoraphidium_contortum,Chlorophyta,X1
IP21_072_MB,Monoraphidium,minutum,6.986516651,1.38E-04,50757.30207,2021-08-19T00:00:00Z,Monoraphidium_minutum,Chlorophyta,X1
IP21_072_MB,Pseudoanabaena,limnetica,119.1811104,0.002348058,50757.30207,2021-08-19T00:00:00Z,Pseudoanabaena_limnetica,Cyanobacteria,S1
IP21_072_MB,Scenedesmus,sp.,4.554759245,8.97E-05,50757.30207,2021-08-19T00:00:00Z,Scenedesmus_sp.,Chlorophyta,J
IP21_072_MB,Schroederia,setigera,8.289100271,1.63E-04,50757.30207,2021-08-19T00:00:00Z,Schroederia_setigera,Chlorophyta,X3
IP21_072_MB,Tabularia,sp.,121.3296308,0.002390388,50757.30207,2021-08-19T00:00:00Z,Tabularia_sp.,Bacillariophyta,D
IP21_075_MB,Aphanizomenon,flos-aquae,1328.044684,0.106670087,12450.01974,2021-08-25T00:00:00Z,Aphanizomenon_flos-aquae,Cyanobacteria,H1
IP21_075_MB,Aphanocapsa,holsatica,1.048282877,8.42E-05,12450.01974,2021-08-25T00:00:00Z,Aphanocapsa_holsatica,Cyanobacteria,K
IP21_075_MB,Aulacoseira,granulata,1183.506866,0.095060642,12450.01974,2021-08-25T00:00:00Z,Aulacoseira_granulata,Bacillariophyta,P
IP21_075_MB,Carteria,sp.,234.3078293,0.018819876,12450.01974,2021-08-25T00:00:00Z,Carteria_sp.,Chlorophyta,X2
IP21_075_MB,centric_diatom,sp.,23.4959677,0.001887223,12450.01974,2021-08-25T00:00:00Z,centric_diatom_sp.,Bacillariophyta,B
IP21_075_MB,centric_diatom,sp2,4.712293901,3.78E-04,12450.01974,2021-08-25T00:00:00Z,centric_diatom_sp2,Bacillariophyta,B
IP21_075_MB,Chlamydomonas,globosa,2.061588239,1.66E-04,12450.01974,2021-08-25T00:00:00Z,Chlamydomonas_globosa,Chlorophyta,X2
IP21_075_MB,Chroococcus,sp.,3.053759579,2.45E-04,12450.01974,2021-08-25T00:00:00Z,Chroococcus_sp.,Cyanobacteria,Lo
IP21_075_MB,Chrysochromulina,parva,1.923917883,1.55E-04,12450.01974,2021-08-25T00:00:00Z,Chrysochromulina_parva,Prymnesiaceae,X2
IP21_075_MB,Cryptomonas,sp.,12.75754171,0.001024701,12450.01974,2021-08-25T00:00:00Z,Cryptomonas_sp.,Cryptophyta,Y
IP21_075_MB,Cuspidothrix,issatschenkoi,140.2412219,0.011264337,12450.01974,2021-08-25T00:00:00Z,Cuspidothrix_issatschenkoi,Cyanobacteria,S2
IP21_075_MB,Desmodesmus,irregulares,6.946053721,5.58E-04,12450.01974,2021-08-25T00:00:00Z,Desmodesmus_irregulares,Chlorophyta,J
IP21_075_MB,Dolichospermum,affine,2002.981597,0.160881801,12450.01974,2021-08-25T00:00:00Z,Dolichospermum_affine,Cyanobacteria,H1
IP21_075_MB,Dolichospermum,flos-aquae,6099.988917,0.489958172,12450.01974,2021-08-25T00:00:00Z,Dolichospermum_flos-aquae,Cyanobacteria,H1
IP21_075_MB,Dolichospermum,mucosum,226.3879145,0.018183739,12450.01974,2021-08-25T00:00:00Z,Dolichospermum_mucosum,Cyanobacteria,H1
IP21_075_MB,Fragilaria,crotonesis,743.5120636,0.05971975,12450.01974,2021-08-25T00:00:00Z,Fragilaria_crotonesis,Bacillariophyta,P
IP21_075_MB,unk_flag_green,sp.,203.1812263,0.016319751,12450.01974,2021-08-25T00:00:00Z,unk_flag_green_sp.,Chlorophyta,X2
IP21_075_MB,Golenkinia,paucispina,103.0762049,0.0082792,12450.01974,2021-08-25T00:00:00Z,Golenkinia_paucispina,Chlorophyta,J
IP21_075_MB,Monoraphidium,contortum,5.714432028,4.59E-04,12450.01974,2021-08-25T00:00:00Z,Monoraphidium_contortum,Chlorophyta,X1
IP21_075_MB,Monoraphidium,minutum,0.299759713,2.41E-05,12450.01974,2021-08-25T00:00:00Z,Monoraphidium_minutum,Chlorophyta,X1
IP21_075_MB,Pseudoanabaena,limnetica,1.646656622,1.32E-04,12450.01974,2021-08-25T00:00:00Z,Pseudoanabaena_limnetica,Cyanobacteria,S1
IP21_075_MB,Scenedesmus,sp.,8.41039018,6.76E-04,12450.01974,2021-08-25T00:00:00Z,Scenedesmus_sp.,Chlorophyta,J
IP21_075_MB,Tetraedron,sp.,29.58662748,0.002376432,12450.01974,2021-08-25T00:00:00Z,Tetraedron_sp.,Chlorophyta,J
IP21_075_MB,unk_algae,sp.,83.13394927,0.006677415,12450.01974,2021-08-25T00:00:00Z,unk_algae_sp.,UNK,UNK
IP21_079_MB,Actinastrum,sp.,24.26345135,7.96E-04,30494.83731,2021-09-03T00:00:00Z,Actinastrum_sp.,Chlorophyta,J
IP21_079_MB,Aphanizomenon,flos-aquae,1559.240717,0.051131301,30494.83731,2021-09-03T00:00:00Z,Aphanizomenon_flos-aquae,Cyanobacteria,H1
IP21_079_MB,Aphanothece,sp.,2.283521588,7.49E-05,30494.83731,2021-09-03T00:00:00Z,Aphanothece_sp.,Cyanobacteria,K
IP21_079_MB,Aulacoseira,granulata,3250.041345,0.106576773,30494.83731,2021-09-03T00:00:00Z,Aulacoseira_granulata,Bacillariophyta,P
IP21_079_MB,Carteria,sp.,105.8042223,0.003469578,30494.83731,2021-09-03T00:00:00Z,Carteria_sp.,Chlorophyta,X2
IP21_079_MB,Coelastrum,asteroidium,4.661793551,1.53E-04,30494.83731,2021-09-03T00:00:00Z,Coelastrum_asteroidium,Chlorophyta,J
IP21_079_MB,Cryptomonas,sp.,207.6964981,0.006810874,30494.83731,2021-09-03T00:00:00Z,Cryptomonas_sp.,Cryptophyta,Y
IP21_079_MB,Cuspidothrix,issatschenkoi,395.0780542,0.012955572,30494.83731,2021-09-03T00:00:00Z,Cuspidothrix_issatschenkoi,Cyanobacteria,S2
IP21_079_MB,Desmodesmus,communis,6.161366777,2.02E-04,30494.83731,2021-09-03T00:00:00Z,Desmodesmus_communis,Chlorophyta,J
IP21_079_MB,Dolichospermum,affine,4406.205815,0.144490222,30494.83731,2021-09-03T00:00:00Z,Dolichospermum_affine,Cyanobacteria,H1
IP21_079_MB,Dolichospermum,flos-aquae,19650.38753,0.644384075,30494.83731,2021-09-03T00:00:00Z,Dolichospermum_flos-aquae,Cyanobacteria,H1
IP21_079_MB,unk_flag_green,sp.,21.36486363,7.01E-04,30494.83731,2021-09-03T00:00:00Z,unk_flag_green_sp.,Chlorophyta,X2
IP21_079_MB,Gyrosigma,sp.,227.4402576,0.00745832,30494.83731,2021-09-03T00:00:00Z,Gyrosigma_sp.,Bacillariophyta,C
IP21_079_MB,Monoraphidium,minutum,1.293839669,4.24E-05,30494.83731,2021-09-03T00:00:00Z,Monoraphidium_minutum,Chlorophyta,X1
IP21_079_MB,Peridinium,sp.,274.5754803,0.009003999,30494.83731,2021-09-03T00:00:00Z,Peridinium_sp.,Dinophyceae,Lo
IP21_079_MB,Plagioselmis,nannoplanctica,182.2826888,0.005977493,30494.83731,2021-09-03T00:00:00Z,Plagioselmis_nannoplanctica,Cryptophyta,X2
IP21_079_MB,Pseudoanabaena,limnetica,3.225571839,1.06E-04,30494.83731,2021-09-03T00:00:00Z,Pseudoanabaena_limnetica,Cyanobacteria,S1
IP21_079_MB,Scenedesmus,sp.,2.411130489,7.91E-05,30494.83731,2021-09-03T00:00:00Z,Scenedesmus_sp.,Chlorophyta,J
IP21_079_MB,Tetraselmis,sp.,82.02873597,0.002689922,30494.83731,2021-09-03T00:00:00Z,Tetraselmis_sp.,Chlorophyta,X2
IP21_079_MB,unk_algae,sp.,24.38345372,8.00E-04,30494.83731,2021-09-03T00:00:00Z,unk_algae_sp.,UNK,UNK
IP21_079_MB,unk_algae,sp10,7.572541428,2.48E-04,30494.83731,2021-09-03T00:00:00Z,unk_algae_sp10,UNK,UNK
IP21_079_MB,unk_algae,sp4,34.21554296,0.001122011,30494.83731,2021-09-03T00:00:00Z,unk_algae_sp4,UNK,UNK
IP21_079_MB,unk_algae,sp9,22.21888669,7.29E-04,30494.83731,2021-09-03T00:00:00Z,unk_algae_sp9,UNK,UNK
IP21_083_MB,Actinastrum,sp.,36.57732367,0.001313664,27843.74573,2021-09-10T00:00:00Z,Actinastrum_sp.,Chlorophyta,J
IP21_083_MB,Aphanizomenon,flos-aquae,698.8393821,0.025098612,27843.74573,2021-09-10T00:00:00Z,Aphanizomenon_flos-aquae,Cyanobacteria,H1
IP21_083_MB,Aphanocapsa,holsatica,34.39184441,0.001235173,27843.74573,2021-09-10T00:00:00Z,Aphanocapsa_holsatica,Cyanobacteria,K
IP21_083_MB,Snowella,sp.,4.97681847,1.79E-04,27843.74573,2021-09-10T00:00:00Z,Snowella_sp.,Cyanobacteria,Lo
IP21_083_MB,Aulacoseira,granulata,7064.501438,0.253719507,27843.74573,2021-09-10T00:00:00Z,Aulacoseira_granulata,Bacillariophyta,P
IP21_083_MB,Carteria,sp.,170.5964489,0.006126922,27843.74573,2021-09-10T00:00:00Z,Carteria_sp.,Chlorophyta,X2
IP21_083_MB,centric_diatom,sp.,29.09668471,0.001044999,27843.74573,2021-09-10T00:00:00Z,centric_diatom_sp.,Bacillariophyta,B
IP21_083_MB,centric_diatom,sp2,9.13190273,3.28E-04,27843.74573,2021-09-10T00:00:00Z,centric_diatom_sp2,Bacillariophyta,B
IP21_083_MB,Ceratium,hirundinella,1764.05509,0.063355524,27843.74573,2021-09-10T00:00:00Z,Ceratium_hirundinella,Dinophyceae,Lo
IP21_083_MB,colonial_green,sp.,13.26161044,4.76E-04,27843.74573,2021-09-10T00:00:00Z,colonial_green_sp.,Chlorophyta,UNK
IP21_083_MB,Cryptomonas,sp.,296.9893672,0.010666286,27843.74573,2021-09-10T00:00:00Z,Cryptomonas_sp.,Cryptophyta,Y
IP21_083_MB,Cuspidothrix,issatschenkoi,1954.041411,0.070178827,27843.74573,2021-09-10T00:00:00Z,Cuspidothrix_issatschenkoi,Cyanobacteria,S2
IP21_083_MB,Desmodesmus,irregulares,8.962675996,3.22E-04,27843.74573,2021-09-10T00:00:00Z,Desmodesmus_irregulares,Chlorophyta,J
IP21_083_MB,Dictyosphaerum,sp.,55.31424964,0.001986595,27843.74573,2021-09-10T00:00:00Z,Dictyosphaerum_sp.,Chlorophyta,F
IP21_083_MB,Dolichospermum,affine,6587.226559,0.236578319,27843.74573,2021-09-10T00:00:00Z,Dolichospermum_affine,Cyanobacteria,H1
IP21_083_MB,Dolichospermum,flos-aquae,7687.169089,0.276082434,27843.74573,2021-09-10T00:00:00Z,Dolichospermum_flos-aquae,Cyanobacteria,H1
IP21_083_MB,Microcystis,aeruginosa,66.58399136,0.002391345,27843.74573,2021-09-10T00:00:00Z,Microcystis_aeruginosa,Cyanobacteria,M
IP21_083_MB,Monoraphidium,contortum,2.543744473,9.14E-05,27843.74573,2021-09-10T00:00:00Z,Monoraphidium_contortum,Chlorophyta,X1
IP21_083_MB,Monoraphidium,minutum,0.860502532,3.09E-05,27843.74573,2021-09-10T00:00:00Z,Monoraphidium_minutum,Chlorophyta,X1
IP21_083_MB,Pediastrum,duplex,690.4969047,0.024798995,27843.74573,2021-09-10T00:00:00Z,Pediastrum_duplex,Chlorophyta,J
IP21_083_MB,Plagioselmis,nannoplanctica,379.8645781,0.013642725,27843.74573,2021-09-10T00:00:00Z,Plagioselmis_nannoplanctica,Cryptophyta,X2
IP21_083_MB,Planktolyngbya,limnetica,5.32147525,1.91E-04,27843.74573,2021-09-10T00:00:00Z,Planktolyngbya_limnetica,Cyanobacteria,S1
IP21_083_MB,Pseudoanabaena,limnetica,1.071371314,3.85E-05,27843.74573,2021-09-10T00:00:00Z,Pseudoanabaena_limnetica,Cyanobacteria,S1
IP21_083_MB,Scenedesmus,sp.,3.207173101,1.15E-04,27843.74573,2021-09-10T00:00:00Z,Scenedesmus_sp.,Chlorophyta,J
IP21_083_MB,unk_diatom,sp.,7.734215151,2.78E-04,27843.74573,2021-09-10T00:00:00Z,unk_diatom_sp.,Bacillariophyta,D
IP21_083_MB,Tabularia,sp.,88.95375044,0.003194748,27843.74573,2021-09-10T00:00:00Z,Tabularia_sp.,Bacillariophyta,D
IP21_083_MB,Tabularia,sp2,41.16727232,0.001478511,27843.74573,2021-09-10T00:00:00Z,Tabularia_sp2,Bacillariophyta,D
IP21_083_MB,Tetraselmis,sp.,120.3335294,0.004321744,27843.74573,2021-09-10T00:00:00Z,Tetraselmis_sp.,Chlorophyta,X2
IP21_083_MB,Treubaria,sp.,15.262889,5.48E-04,27843.74573,2021-09-10T00:00:00Z,Treubaria_sp.,Chlorophyta,F
IP21_083_MB,unk_algae,sp2,5.212438229,1.87E-04,27843.74573,2021-09-10T00:00:00Z,unk_algae_sp2,UNK,UNK
IP21_088_MB,Actinastrum,sp.,1.305895596,7.97E-05,16386.47003,2021-09-17T00:00:00Z,Actinastrum_sp.,Chlorophyta,J
IP21_088_MB,Aphanizomenon,flos-aquae,2400.892141,0.146516738,16386.47003,2021-09-17T00:00:00Z,Aphanizomenon_flos-aquae,Cyanobacteria,H1
IP21_088_MB,Aphanocapsa,holsatica,508.9090565,0.031056662,16386.47003,2021-09-17T00:00:00Z,Aphanocapsa_holsatica,Cyanobacteria,K
IP21_088_MB,Snowella,sp.,5.067531589,3.09E-04,16386.47003,2021-09-17T00:00:00Z,Snowella_sp.,Cyanobacteria,Lo
IP21_088_MB,centric_diatom,sp.,67.12542856,0.004096393,16386.47003,2021-09-17T00:00:00Z,centric_diatom_sp.,Bacillariophyta,B
IP21_088_MB,Chlamydomonas,sp.,198.235603,0.012097517,16386.47003,2021-09-17T00:00:00Z,Chlamydomonas_sp.,Chlorophyta,X2
IP21_088_MB,Chroococcus,sp.,6.145498651,3.75E-04,16386.47003,2021-09-17T00:00:00Z,Chroococcus_sp.,Cyanobacteria,Lo
IP21_088_MB,Chroomonas,sp.,75.64922823,0.004616566,16386.47003,2021-09-17T00:00:00Z,Chroomonas_sp.,Cryptophyta,X2
IP21_088_MB,coccoid_green,sp3,16.2008405,9.89E-04,16386.47003,2021-09-17T00:00:00Z,coccoid_green_sp3,Chlorophyta,UNK
IP21_088_MB,Coelastrum,asteroidium,0.470446443,2.87E-05,16386.47003,2021-09-17T00:00:00Z,Coelastrum_asteroidium,Chlorophyta,J
IP21_088_MB,Cryptomonas,erosa,125.2872411,0.007645774,16386.47003,2021-09-17T00:00:00Z,Cryptomonas_erosa,Cryptophyta,Y
IP21_088_MB,Cryptomonas,ovata,923.1187794,0.056334206,16386.47003,2021-09-17T00:00:00Z,Cryptomonas_ovata,Cryptophyta,Y
IP21_088_MB,Cryptomonas,sp.,140.1980216,0.008555718,16386.47003,2021-09-17T00:00:00Z,Cryptomonas_sp.,Cryptophyta,Y
IP21_088_MB,Cuspidothrix,issatschenkoi,780.2325036,0.047614434,16386.47003,2021-09-17T00:00:00Z,Cuspidothrix_issatschenkoi,Cyanobacteria,S2
IP21_088_MB,Desmodesmus,opoliensis,10.88112543,6.64E-04,16386.47003,2021-09-17T00:00:00Z,Desmodesmus_opoliensis,Chlorophyta,J
IP21_088_MB,Dolichospermum,affine,9196.641122,0.561233817,16386.47003,2021-09-17T00:00:00Z,Dolichospermum_affine,Cyanobacteria,H1
IP21_088_MB,Dolichospermum,flos-aquae,447.795375,0.027327141,16386.47003,2021-09-17T00:00:00Z,Dolichospermum_flos-aquae,Cyanobacteria,H1
IP21_088_MB,unk_flag_green,sp.,78.08632837,0.004765293,16386.47003,2021-09-17T00:00:00Z,unk_flag_green_sp.,Chlorophyta,X2
IP21_088_MB,Golenkinia,paucispina,46.41443145,0.002832485,16386.47003,2021-09-17T00:00:00Z,Golenkinia_paucispina,Chlorophyta,J
IP21_088_MB,Lagerheimia,subsalsa,20.03823957,0.001222853,16386.47003,2021-09-17T00:00:00Z,Lagerheimia_subsalsa,Chlorophyta,F
IP21_088_MB,Mallomonas,sp.,41.82157433,0.002552202,16386.47003,2021-09-17T00:00:00Z,Mallomonas_sp.,Ochrophyta,E
IP21_088_MB,Monoraphidium,arcuatum,1.327461256,8.10E-05,16386.47003,2021-09-17T00:00:00Z,Monoraphidium_arcuatum,Chlorophyta,X1
IP21_088_MB,Monoraphidium,contortum,6.175596718,3.77E-04,16386.47003,2021-09-17T00:00:00Z,Monoraphidium_contortum,Chlorophyta,X1
IP21_088_MB,Oocystis,sp.,71.54301583,0.004365981,16386.47003,2021-09-17T00:00:00Z,Oocystis_sp.,Chlorophyta,F
IP21_088_MB,Peridinium,sp.,221.6710056,0.013527685,16386.47003,2021-09-17T00:00:00Z,Peridinium_sp.,Dinophyceae,Lo
IP21_088_MB,Plagioselmis,nannoplanctica,392.5663562,0.023956737,16386.47003,2021-09-17T00:00:00Z,Plagioselmis_nannoplanctica,Cryptophyta,X2
IP21_088_MB,Pseudoanabaena,limnetica,73.55198123,0.00448858,16386.47003,2021-09-17T00:00:00Z,Pseudoanabaena_limnetica,Cyanobacteria,S1
IP21_088_MB,Romeria,sp.,2.454044639,1.50E-04,16386.47003,2021-09-17T00:00:00Z,Romeria_sp.,Cyanobacteria,S1
IP21_088_MB,Scenedesmus,sp.,3.893120533,2.38E-04,16386.47003,2021-09-17T00:00:00Z,Scenedesmus_sp.,Chlorophyta,J
IP21_088_MB,Schroederia,setigera,3.740676771,2.28E-04,16386.47003,2021-09-17T00:00:00Z,Schroederia_setigera,Chlorophyta,X3
IP21_088_MB,Snowella,atomus,1.231717796,7.52E-05,16386.47003,2021-09-17T00:00:00Z,Snowella_atomus,Cyanobacteria,Lo
IP21_088_MB,Synedra,sp.,17.66890195,0.001078262,16386.47003,2021-09-17T00:00:00Z,Synedra_sp.,Bacillariophyta,D
IP21_088_MB,Tabularia,sp.,384.5102313,0.023465104,16386.47003,2021-09-17T00:00:00Z,Tabularia_sp.,Bacillariophyta,D
IP21_088_MB,Tetraedron,sp.,48.3367826,0.002949798,16386.47003,2021-09-17T00:00:00Z,Tetraedron_sp.,Chlorophyta,J
IP21_088_MB,Trachelomonas,sp.,37.89771781,0.002312744,16386.47003,2021-09-17T00:00:00Z,Trachelomonas_sp.,Euglenophyceae,W2
IP21_088_MB,Trachelomonas,sp.,37.89771781,0.002312744,16386.47003,2021-09-17T00:00:00Z,Trachlemonas_sp.,Euglenophyceae,W2
IP21_088_MB,unk_synurophyte,sp.,18.86295079,0.00115113,16386.47003,2021-09-17T00:00:00Z,unk_synurophyte_sp.,Ochrophyta,UNK
IP21_088_MB,Stipitococcus,sp.,6.063165248,3.70E-04,16386.47003,2021-09-17T00:00:00Z,Stipitococcus_sp.,Xanthophyceae,NA
IP21_088_MB,Stipitococcus,sp.,6.063165248,3.70E-04,16386.47003,2021-09-17T00:00:00Z,unk_xanthophyte_sp.,Xanthophyceae,UNK
IP21_088_MB,Woronichinia,sp.,4.458894948,2.72E-04,16386.47003,2021-09-17T00:00:00Z,Woronichinia_sp.,Cyanobacteria,Lo
IP21_092_MB,Actinastrum,sp.,1.191710144,2.06E-04,5773.602551,2021-09-25T00:00:00Z,Actinastrum_sp.,Chlorophyta,J
IP21_092_MB,Aphanizomenon,flos-aquae,1221.609951,0.211585391,5773.602551,2021-09-25T00:00:00Z,Aphanizomenon_flos-aquae,Cyanobacteria,H1
IP21_092_MB,Aphanocapsa,elachista,1.327665888,2.30E-04,5773.602551,2021-09-25T00:00:00Z,Aphanocapsa_elachista,Cyanobacteria,K
IP21_092_MB,Aphanocapsa,holsatica,47.01041136,0.008142301,5773.602551,2021-09-25T00:00:00Z,Aphanocapsa_holsatica,Cyanobacteria,K
IP21_092_MB,Snowella,sp.,6.544385571,0.001133501,5773.602551,2021-09-25T00:00:00Z,Snowella_sp.,Cyanobacteria,Lo
IP21_092_MB,Aulacoseira,granulata,1343.20464,0.232645844,5773.602551,2021-09-25T00:00:00Z,Aulacoseira_granulata,Bacillariophyta,P
IP21_092_MB,Carteria,sp2,49.11040128,0.008506024,5773.602551,2021-09-25T00:00:00Z,Carteria_sp2,Chlorophyta,X2
IP21_092_MB,Cavinula,sp.,9.839193216,0.001704169,5773.602551,2021-09-25T00:00:00Z,Cavinula_sp.,Bacillariophyta,NA
IP21_092_MB,centric_diatom,sp.,25.82096521,0.004472245,5773.602551,2021-09-25T00:00:00Z,centric_diatom_sp.,Bacillariophyta,B
IP21_092_MB,centric_diatom,sp2,30.3473071,0.005256217,5773.602551,2021-09-25T00:00:00Z,centric_diatom_sp2,Bacillariophyta,B
IP21_092_MB,Chlamydomonas,globosa,89.83577751,0.015559744,5773.602551,2021-09-25T00:00:00Z,Chlamydomonas_globosa,Chlorophyta,X2
IP21_092_MB,Chlamydomonas,sp.,45.22554858,0.007833159,5773.602551,2021-09-25T00:00:00Z,Chlamydomonas_sp.,Chlorophyta,X2
IP21_092_MB,Chromulina,sp.,5.615982008,9.73E-04,5773.602551,2021-09-25T00:00:00Z,Chromulina_sp.,Chrysophyta,X3
IP21_092_MB,Chroomonas,sp.,17.35916111,0.003006643,5773.602551,2021-09-25T00:00:00Z,Chroomonas_sp.,Cryptophyta,X2
IP21_092_MB,Cryptomonas,marssonii,409.0704448,0.070851854,5773.602551,2021-09-25T00:00:00Z,Cryptomonas_marssonii,Cryptophyta,Y
IP21_092_MB,Cryptomonas,ovata,1010.99663,0.175106724,5773.602551,2021-09-25T00:00:00Z,Cryptomonas_ovata,Cryptophyta,Y
IP21_092_MB,Cryptomonas,sp.,18.2770468,0.003165623,5773.602551,2021-09-25T00:00:00Z,Cryptomonas_sp.,Cryptophyta,Y
IP21_092_MB,Cuspidothrix,issatschenkoi,248.2758506,0.043001895,5773.602551,2021-09-25T00:00:00Z,Cuspidothrix_issatschenkoi,Cyanobacteria,S2
IP21_092_MB,Desmodesmus,armatus,17.01652983,0.002947298,5773.602551,2021-09-25T00:00:00Z,Desmodesmus_armatus,Chlorophyta,J
IP21_092_MB,Desmodesmus,communis,3.026182543,5.24E-04,5773.602551,2021-09-25T00:00:00Z,Desmodesmus_communis,Chlorophyta,J
IP21_092_MB,Desmodesmus,opoliensis,6.619797983,0.001146563,5773.602551,2021-09-25T00:00:00Z,Desmodesmus_opoliensis,Chlorophyta,J
IP21_092_MB,Dolichospermum,affine,667.3074312,0.115579038,5773.602551,2021-09-25T00:00:00Z,Dolichospermum_affine,Cyanobacteria,H1
IP21_092_MB,Dolichospermum,compactum,75.46114248,0.013070027,5773.602551,2021-09-25T00:00:00Z,Dolichospermum_compactum,Cyanobacteria,H1
IP21_092_MB,Kirchneriella,lunaris,1.431439075,2.48E-04,5773.602551,2021-09-25T00:00:00Z,Kirchneriella_lunaris,Chlorophyta,F
IP21_092_MB,Monoraphidium,contortum,21.13354603,0.003660374,5773.602551,2021-09-25T00:00:00Z,Monoraphidium_contortum,Chlorophyta,X1
IP21_092_MB,Monoraphidium,minutum,0.476606307,8.25E-05,5773.602551,2021-09-25T00:00:00Z,Monoraphidium_minutum,Chlorophyta,X1
IP21_092_MB,Oocystis,parva,8.160925912,0.001413489,5773.602551,2021-09-25T00:00:00Z,Oocystis_parva,Chlorophyta,F
IP21_092_MB,Plagioselmis,nannoplanctica,199.0227627,0.034471157,5773.602551,2021-09-25T00:00:00Z,Plagioselmis_nannoplanctica,Cryptophyta,X2
IP21_092_MB,Pseudoanabaena,limnetica,0.406503662,7.04E-05,5773.602551,2021-09-25T00:00:00Z,Pseudoanabaena_limnetica,Cyanobacteria,S1
IP21_092_MB,Scenedesmus,arcuatus,5.052270587,8.75E-04,5773.602551,2021-09-25T00:00:00Z,Scenedesmus_arcuatus,Chlorophyta,J
IP21_092_MB,Scenedesmus,sp.,7.549513448,0.001307591,5773.602551,2021-09-25T00:00:00Z,Scenedesmus_sp.,Chlorophyta,J
IP21_092_MB,Snowella,atomus,28.29896739,0.00490144,5773.602551,2021-09-25T00:00:00Z,Snowella_atomus,Cyanobacteria,Lo
IP21_092_MB,Tabularia,sp.,28.03867171,0.004856356,5773.602551,2021-09-25T00:00:00Z,Tabularia_sp.,Bacillariophyta,D
IP21_092_MB,Tetraedron,minimum,13.46378742,0.002331956,5773.602551,2021-09-25T00:00:00Z,Tetraedron_minimum,Chlorophyta,J
IP21_092_MB,Tetraselmis,sp.,103.9594723,0.018005997,5773.602551,2021-09-25T00:00:00Z,Tetraselmis_sp.,Chlorophyta,X2
IP21_092_MB,Treubaria,sp.,6.513928127,0.001128226,5773.602551,2021-09-25T00:00:00Z,Treubaria_sp.,Chlorophyta,F
IP21_095_MB,Aphanocapsa,holsatica,0.69652327,1.19E-04,5876.401755,2021-10-11T00:00:00Z,Aphanocapsa_holsatica,Cyanobacteria,K
IP21_095_MB,Aulacoseira,granulata,1500.308024,0.255310662,5876.401755,2021-10-11T00:00:00Z,Aulacoseira_granulata,Bacillariophyta,P
IP21_095_MB,centric_diatom,sp.,69.69061418,0.011859403,5876.401755,2021-10-11T00:00:00Z,centric_diatom_sp.,Bacillariophyta,B
IP21_095_MB,centric_diatom,sp2,26.39291965,0.00449134,5876.401755,2021-10-11T00:00:00Z,centric_diatom_sp2,Bacillariophyta,B
IP21_095_MB,Chromulina,sp.,4.922116806,8.38E-04,5876.401755,2021-10-11T00:00:00Z,Chromulina_sp.,Chrysophyta,X3
IP21_095_MB,Chroomonas,sp.,17.75910385,0.003022105,5876.401755,2021-10-11T00:00:00Z,Chroomonas_sp.,Cryptophyta,X2
IP21_095_MB,Chrysochromulina,parva,13.86921043,0.002360154,5876.401755,2021-10-11T00:00:00Z,Chrysochromulina_parva,Prymnesiaceae,X2
IP21_095_MB,Cryptomonas,erosa,875.5715219,0.1489979,5876.401755,2021-10-11T00:00:00Z,Cryptomonas_erosa,Cryptophyta,Y
IP21_095_MB,Cryptomonas,ovata,1870.672643,0.318336411,5876.401755,2021-10-11T00:00:00Z,Cryptomonas_ovata,Cryptophyta,Y
IP21_095_MB,Desmodesmus,armatus,3.504930424,5.96E-04,5876.401755,2021-10-11T00:00:00Z,Desmodesmus_armatus,Chlorophyta,J
IP21_095_MB,Desmodesmus,communis,3.947786493,6.72E-04,5876.401755,2021-10-11T00:00:00Z,Desmodesmus_communis,Chlorophyta,J
IP21_095_MB,Kirchneriella,lunaris,3.734748824,6.36E-04,5876.401755,2021-10-11T00:00:00Z,Kirchneriella_lunaris,Chlorophyta,F
IP21_095_MB,Mallomonas,sp.,9.957517698,0.001694492,5876.401755,2021-10-11T00:00:00Z,Mallomonas_sp.,Ochrophyta,E
IP21_095_MB,Peridiniopsis,sp.,509.6388284,0.086726342,5876.401755,2021-10-11T00:00:00Z,Peridiniopsis_sp.,Dinophyceae,Lo
IP21_095_MB,Plagioselmis,nannoplanctica,550.7723327,0.093726119,5876.401755,2021-10-11T00:00:00Z,Plagioselmis_nannoplanctica,Cryptophyta,X2
IP21_095_MB,Pseudoanabaena,limnetica,45.44116084,0.007732821,5876.401755,2021-10-11T00:00:00Z,Pseudoanabaena_limnetica,Cyanobacteria,S1
IP21_095_MB,Scenedesmus,sp.,34.08363007,0.005800085,5876.401755,2021-10-11T00:00:00Z,Scenedesmus_sp.,Chlorophyta,J
IP21_095_MB,Snowella,sp.,45.30639678,0.007709888,5876.401755,2021-10-11T00:00:00Z,Snowella_sp.,Cyanobacteria,Lo
IP21_095_MB,Tabularia,sp.,38.68740852,0.00658352,5876.401755,2021-10-11T00:00:00Z,Tabularia_sp.,Bacillariophyta,D
IP21_095_MB,unk_algae,sp.,151.5209407,0.025784646,5876.401755,2021-10-11T00:00:00Z,unk_algae_sp.,UNK,UNK
IP21_095_MB,unk_algae,sp2,12.56371487,0.002137995,5876.401755,2021-10-11T00:00:00Z,unk_algae_sp2,UNK,UNK
IP21_095_MB,unk_green,sp.,87.35968245,0.014866186,5876.401755,2021-10-11T00:00:00Z,unk_green_sp.,Chlorophyta,UNK
IP21_054_SA,Actinastrum,sp.,0.386680774,7.44E-05,5197.584172,2021-07-13T00:00:00Z,Actinastrum_sp.,Chlorophyta,J
IP21_054_SA,Aphanocapsa,holsatica,1.901449547,3.66E-04,5197.584172,2021-07-13T00:00:00Z,Aphanocapsa_holsatica,Cyanobacteria,K
IP21_054_SA,Asterionella,formosa,336.1602169,0.064676243,5197.584172,2021-07-13T00:00:00Z,Asterionella_formosa,Bacillariophyta,C
IP21_054_SA,Aulacoseira,granulata,4123.840477,0.793414852,5197.584172,2021-07-13T00:00:00Z,Aulacoseira_granulata,Bacillariophyta,P
IP21_054_SA,centric_diatom,sp.,2.00612925,3.86E-04,5197.584172,2021-07-13T00:00:00Z,centric_diatom_sp.,Bacillariophyta,B
IP21_054_SA,Chlamydomonas,sp.,43.22058889,0.008315515,5197.584172,2021-07-13T00:00:00Z,Chlamydomonas_sp.,Chlorophyta,X2
IP21_054_SA,Chlorogonium,sp.,2.90038218,5.58E-04,5197.584172,2021-07-13T00:00:00Z,Chlorogonium_sp.,Chlorophyta,X2
IP21_054_SA,coccoid_green,sp.,4.790142915,9.22E-04,5197.584172,2021-07-13T00:00:00Z,coccoid_green_sp.,Chlorophyta,UNK
IP21_054_SA,coccoid_green,sp2,4.29137929,8.26E-04,5197.584172,2021-07-13T00:00:00Z,coccoid_green_sp2,Chlorophyta,UNK
IP21_054_SA,Merismopedia,sp.,1.458894793,2.81E-04,5197.584172,2021-07-13T00:00:00Z,Merismopedia_sp.,Cyanobacteria,Lo
IP21_054_SA,Microcystis,wesenbergii,439.0894105,0.084479519,5197.584172,2021-07-13T00:00:00Z,Microcystis_wesenbergii,Cyanobacteria,M
IP21_054_SA,Monoraphidium,arcuatum,0.266046776,5.12E-05,5197.584172,2021-07-13T00:00:00Z,Monoraphidium_arcuatum,Chlorophyta,X1
IP21_054_SA,Monoraphidium,contortum,2.294959558,4.42E-04,5197.584172,2021-07-13T00:00:00Z,Monoraphidium_contortum,Chlorophyta,X1
IP21_054_SA,Monoraphidium,minutum,0.423774592,8.15E-05,5197.584172,2021-07-13T00:00:00Z,Monoraphidium_minutum,Chlorophyta,X1
IP21_054_SA,Peridinium,sp.,129.373569,0.024891096,5197.584172,2021-07-13T00:00:00Z,Peridinium_sp.,Dinophyceae,Lo
IP21_054_SA,Scenedesmus,sp.,1.280393598,2.46E-04,5197.584172,2021-07-13T00:00:00Z,Scenedesmus_sp.,Chlorophyta,J
IP21_054_SA,Schroederia,setigera,4.590178355,8.83E-04,5197.584172,2021-07-13T00:00:00Z,Schroederia_setigera,Chlorophyta,X3
IP21_054_SA,Sphaerocystis,planctonica,54.92923695,0.010568225,5197.584172,2021-07-13T00:00:00Z,Sphaerocystis_planctonica,Chlorophyta,F
IP21_054_SA,unk_algae,sp.,17.55469824,0.003377473,5197.584172,2021-07-13T00:00:00Z,unk_algae_sp.,UNK,UNK
IP21_054_SA,unk_algae,sp2,23.75495927,0.004570385,5197.584172,2021-07-13T00:00:00Z,unk_algae_sp2,UNK,UNK
IP21_054_SA,Xanthophytes,sp.,3.070602849,5.91E-04,5197.584172,2021-07-13T00:00:00Z,Xanthophytes_sp.,Xanthophyceae,UNK
IP21_057_SA,Actinastrum,sp.,1.961539077,2.45E-04,8014.810578,2021-07-22T00:00:00Z,Actinastrum_sp.,Chlorophyta,J
IP21_057_SA,Aphanocapsa,holsatica,2597.639147,0.324104871,8014.810578,2021-07-22T00:00:00Z,Aphanocapsa_holsatica,Cyanobacteria,K
IP21_057_SA,Asterionella,formosa,466.5334987,0.058208924,8014.810578,2021-07-22T00:00:00Z,Asterionella_formosa,Bacillariophyta,C
IP21_057_SA,Aulacoseira,granulata,2855.753748,0.356309575,8014.810578,2021-07-22T00:00:00Z,Aulacoseira_granulata,Bacillariophyta,P
IP21_057_SA,Carteria,sp.,81.84002384,0.010211099,8014.810578,2021-07-22T00:00:00Z,Carteria_sp.,Chlorophyta,X2
IP21_057_SA,Chroococcus,aphanocapsoides,52.8787042,0.006597624,8014.810578,2021-07-22T00:00:00Z,Chroococcus_aphanocapsoides,Cyanobacteria,Lo
IP21_057_SA,Chrysochromulina,parva,0.703201995,8.77E-05,8014.810578,2021-07-22T00:00:00Z,Chrysochromulina_parva,Prymnesiaceae,X2
IP21_057_SA,Desmodesmus,communis,0.311316018,3.88E-05,8014.810578,2021-07-22T00:00:00Z,Desmodesmus_communis,Chlorophyta,J
IP21_057_SA,Desmodesmus,intermedius,3.879827157,4.84E-04,8014.810578,2021-07-22T00:00:00Z,Desmodesmus_intermedius,Chlorophyta,J
IP21_057_SA,Dolichospermum,affine,642.1641789,0.08012219,8014.810578,2021-07-22T00:00:00Z,Dolichospermum_affine,Cyanobacteria,H1
IP21_057_SA,Dolichospermum,flos-aquae,302.4302633,0.037733925,8014.810578,2021-07-22T00:00:00Z,Dolichospermum_flos-aquae,Cyanobacteria,H1
IP21_057_SA,Fragilaria,sp.,63.01688015,0.007862554,8014.810578,2021-07-22T00:00:00Z,Fragilaria_sp.,Bacillariophyta,P
IP21_057_SA,Gloeotrichia,echinulata,12.75426286,0.001591337,8014.810578,2021-07-22T00:00:00Z,Gloeotrichia_echinulata,Cyanobacteria,H2
IP21_057_SA,Monoraphidium,arcuatum,0.337397914,4.21E-05,8014.810578,2021-07-22T00:00:00Z,Monoraphidium_arcuatum,Chlorophyta,X1
IP21_057_SA,Monoraphidium,contortum,0.970148409,1.21E-04,8014.810578,2021-07-22T00:00:00Z,Monoraphidium_contortum,Chlorophyta,X1
IP21_057_SA,Monoraphidium,minutum,3.58284524,4.47E-04,8014.810578,2021-07-22T00:00:00Z,Monoraphidium_minutum,Chlorophyta,X1
IP21_057_SA,Plagioselmis,nannoplanctica,1.435168334,1.79E-04,8014.810578,2021-07-22T00:00:00Z,Plagioselmis_nannoplanctica,Cryptophyta,X2
IP21_057_SA,Pseudoanabaena,limnetica,2.082121199,2.60E-04,8014.810578,2021-07-22T00:00:00Z,Pseudoanabaena_limnetica,Cyanobacteria,S1
IP21_057_SA,Schroederia,setigera,0.64981187,8.11E-05,8014.810578,2021-07-22T00:00:00Z,Schroederia_setigera,Chlorophyta,X3
IP21_057_SA,Sphaerocystis,planctonica,7.417351317,9.25E-04,8014.810578,2021-07-22T00:00:00Z,Sphaerocystis_planctonica,Chlorophyta,F
IP21_057_SA,Staurastrum,sp.,315.4440481,0.039357642,8014.810578,2021-07-22T00:00:00Z,Staurastrum_sp.,Desmidiaceae,N
IP21_057_SA,Tetraselmis,sp.,541.8537499,0.067606557,8014.810578,2021-07-22T00:00:00Z,Tetraselmis_sp.,Chlorophyta,X2
IP21_057_SA,unk_algae,sp.,55.57668036,0.006934248,8014.810578,2021-07-22T00:00:00Z,unk_algae_sp.,UNK,UNK
IP21_057_SA,unk_algae,sp3,0.72641572,9.06E-05,8014.810578,2021-07-22T00:00:00Z,unk_algae_sp3,UNK,UNK
IP21_057_SA,unk_algae,sp4,1.245703842,1.55E-04,8014.810578,2021-07-22T00:00:00Z,unk_algae_sp4,UNK,UNK
IP21_057_SA,Xanthophytes,sp.,1.622545187,2.02E-04,8014.810578,2021-07-22T00:00:00Z,Xanthophytes_sp.,Xanthophyceae,UNK
IP21_057.5_SA,Anabaenopsis,sp.,48.45976242,0.003193025,15176.75493,2021-07-27T00:00:00Z,Anabaenopsis_sp.,Cyanobacteria,H1
IP21_057.5_SA,Aphanocapsa,holsatica,11.17801179,7.37E-04,15176.75493,2021-07-27T00:00:00Z,Aphanocapsa_holsatica,Cyanobacteria,K
IP21_057.5_SA,Snowella,sp.,2.68791425,1.77E-04,15176.75493,2021-07-27T00:00:00Z,Snowella_sp.,Cyanobacteria,Lo
IP21_057.5_SA,Asterionella,formosa,65.44159776,0.004311962,15176.75493,2021-07-27T00:00:00Z,Asterionella_formosa,Bacillariophyta,C
IP21_057.5_SA,Aulacoseira,granulata,1402.929109,0.092439333,15176.75493,2021-07-27T00:00:00Z,Aulacoseira_granulata,Bacillariophyta,P
IP21_057.5_SA,Carteria,sp.,17.63331238,0.001161863,15176.75493,2021-07-27T00:00:00Z,Carteria_sp.,Chlorophyta,X2
IP21_057.5_SA,centric_diatom,sp.,3.499124777,2.31E-04,15176.75493,2021-07-27T00:00:00Z,centric_diatom_sp.,Bacillariophyta,B
IP21_057.5_SA,centric_diatom,sp2,1.462225185,9.63E-05,15176.75493,2021-07-27T00:00:00Z,centric_diatom_sp2,Bacillariophyta,B
IP21_057.5_SA,Ceratium,hirundinella,858.3316754,0.056555679,15176.75493,2021-07-27T00:00:00Z,Ceratium_hirundinella,Dinophyceae,Lo
IP21_057.5_SA,Chlamydomonas,sp.,93.65988083,0.006171272,15176.75493,2021-07-27T00:00:00Z,Chlamydomonas_sp.,Chlorophyta,X2
IP21_057.5_SA,Chroococcus,aphanocapsoides,33.10163439,0.002181075,15176.75493,2021-07-27T00:00:00Z,Chroococcus_aphanocapsoides,Cyanobacteria,Lo
IP21_057.5_SA,Chrysochromulina,parva,0.515339242,3.40E-05,15176.75493,2021-07-27T00:00:00Z,Chrysochromulina_parva,Prymnesiaceae,X2
IP21_057.5_SA,Coelastrum,asteroidium,1.513398216,9.97E-05,15176.75493,2021-07-27T00:00:00Z,Coelastrum_asteroidium,Chlorophyta,J
IP21_057.5_SA,Cryptomonas,sp.,118.3987244,0.00780132,15176.75493,2021-07-27T00:00:00Z,Cryptomonas_sp.,Cryptophyta,Y
IP21_057.5_SA,Cuspidothrix,issatschenkoi,82.13751944,0.005412061,15176.75493,2021-07-27T00:00:00Z,Cuspidothrix_issatschenkoi,Cyanobacteria,S2
IP21_057.5_SA,Dolichospermum,affine,3361.499254,0.221489987,15176.75493,2021-07-27T00:00:00Z,Dolichospermum_affine,Cyanobacteria,H1
IP21_057.5_SA,Dolichospermum,flos-aquae,5596.667329,0.368765744,15176.75493,2021-07-27T00:00:00Z,Dolichospermum_flos-aquae,Cyanobacteria,H1
IP21_057.5_SA,Dolichospermum,mucosum,2208.916511,0.145546036,15176.75493,2021-07-27T00:00:00Z,Dolichospermum_mucosum,Cyanobacteria,H1
IP21_057.5_SA,Gloeotrichia,echinulata,43.60953189,0.002873442,15176.75493,2021-07-27T00:00:00Z,Gloeotrichia_echinulata,Cyanobacteria,H2
IP21_057.5_SA,Kirchneriella,lunaris,0.133656715,8.81E-06,15176.75493,2021-07-27T00:00:00Z,Kirchneriella_lunaris,Chlorophyta,F
IP21_057.5_SA,Monoraphidium,arcuatum,0.247260939,1.63E-05,15176.75493,2021-07-27T00:00:00Z,Monoraphidium_arcuatum,Chlorophyta,X1
IP21_057.5_SA,Monoraphidium,contortum,2.564515424,1.69E-04,15176.75493,2021-07-27T00:00:00Z,Monoraphidium_contortum,Chlorophyta,X1
IP21_057.5_SA,Monoraphidium,minutum,1.172191211,7.72E-05,15176.75493,2021-07-27T00:00:00Z,Monoraphidium_minutum,Chlorophyta,X1
IP21_057.5_SA,Oocystis,parva,16.12135414,0.00106224,15176.75493,2021-07-27T00:00:00Z,Oocystis_parva,Chlorophyta,F
IP21_057.5_SA,Oocystis,sp.,7.586233439,5.00E-04,15176.75493,2021-07-27T00:00:00Z,Oocystis_sp.,Chlorophyta,F
IP21_057.5_SA,Peridinium,sp.,112.5189702,0.007413902,15176.75493,2021-07-27T00:00:00Z,Peridinium_sp.,Dinophyceae,Lo
IP21_057.5_SA,Plagioselmis,nannoplanctica,4.787300016,3.15E-04,15176.75493,2021-07-27T00:00:00Z,Plagioselmis_nannoplanctica,Cryptophyta,X2
IP21_057.5_SA,Planktolyngbya,limnetica,0.340893148,2.25E-05,15176.75493,2021-07-27T00:00:00Z,Planktolyngbya_limnetica,Cyanobacteria,S1
IP21_057.5_SA,Pseudoanabaena,limnetica,7.151993223,4.71E-04,15176.75493,2021-07-27T00:00:00Z,Pseudoanabaena_limnetica,Cyanobacteria,S1
IP21_057.5_SA,Romeria,sp.,0.715863689,4.72E-05,15176.75493,2021-07-27T00:00:00Z,Romeria_sp.,Cyanobacteria,S1
IP21_057.5_SA,Schroederia,setigera,1.417798276,9.34E-05,15176.75493,2021-07-27T00:00:00Z,Schroederia_setigera,Chlorophyta,X3
IP21_057.5_SA,Sphaerocystis,planctonica,13.80459707,9.10E-04,15176.75493,2021-07-27T00:00:00Z,Sphaerocystis_planctonica,Chlorophyta,F
IP21_057.5_SA,Staurastrum,sp.,23.98706744,0.001580514,15176.75493,2021-07-27T00:00:00Z,Staurastrum_sp.,Desmidiaceae,N
IP21_057.5_SA,Tetraselmis,sp.,889.5988606,0.058615881,15176.75493,2021-07-27T00:00:00Z,Tetraselmis_sp.,Chlorophyta,X2
IP21_057.5_SA,Ulnaria,sp.,25.39760651,0.001673454,15176.75493,2021-07-27T00:00:00Z,Ulnaria_sp.,Bacillariophyta,D
IP21_057.5_SA,unk_algae,sp.,102.1373406,0.006729854,15176.75493,2021-07-27T00:00:00Z,unk_algae_sp.,UNK,UNK
IP21_057.5_SA,unk_algae,sp2,15.42956793,0.001016658,15176.75493,2021-07-27T00:00:00Z,unk_algae_sp2,UNK,UNK
IP21_061_SA,Aphanizomenon,flos-aquae,19.70018539,0.001140443,17274.15176,2021-08-03T00:00:00Z,Aphanizomenon_flos-aquae,Cyanobacteria,H1
IP21_061_SA,Aphanocapsa,holsatica,13.0537598,7.56E-04,17274.15176,2021-08-03T00:00:00Z,Aphanocapsa_holsatica,Cyanobacteria,K
IP21_061_SA,Asterionella,formosa,121.4482041,0.007030632,17274.15176,2021-08-03T00:00:00Z,Asterionella_formosa,Bacillariophyta,C
IP21_061_SA,Aulacoseira,granulata,8757.151998,0.506951202,17274.15176,2021-08-03T00:00:00Z,Aulacoseira_granulata,Bacillariophyta,P
IP21_061_SA,Carteria,sp.,220.2816256,0.012752095,17274.15176,2021-08-03T00:00:00Z,Carteria_sp.,Chlorophyta,X2
IP21_061_SA,Chlamydomonas,sp.,81.10033792,0.004694896,17274.15176,2021-08-03T00:00:00Z,Chlamydomonas_sp.,Chlorophyta,X2
IP21_061_SA,Chroococcus,aphanocapsoides,22.79480306,0.00131959,17274.15176,2021-08-03T00:00:00Z,Chroococcus_aphanocapsoides,Cyanobacteria,Lo
IP21_061_SA,coccoid_green,sp.,4.324111555,2.50E-04,17274.15176,2021-08-03T00:00:00Z,coccoid_green_sp.,Chlorophyta,UNK
IP21_061_SA,Coelastrum,asteroidium,47.65108859,0.00275852,17274.15176,2021-08-03T00:00:00Z,Coelastrum_asteroidium,Chlorophyta,J
IP21_061_SA,Cryptomonas,sp.,14.59012325,8.45E-04,17274.15176,2021-08-03T00:00:00Z,Cryptomonas_sp.,Cryptophyta,Y
IP21_061_SA,Cuspidothrix,issatschenkoi,3.419326501,1.98E-04,17274.15176,2021-08-03T00:00:00Z,Cuspidothrix_issatschenkoi,Cyanobacteria,S2
IP21_061_SA,Cylindrospermopsis,raciborskii,102.997935,0.005962547,17274.15176,2021-08-03T00:00:00Z,Cylindrospermopsis_raciborskii,Cyanobacteria,SN
IP21_061_SA,Dictyosphaerum,sp.,5.247759373,3.04E-04,17274.15176,2021-08-03T00:00:00Z,Dictyosphaerum_sp.,Chlorophyta,F
IP21_061_SA,Dolichospermum,affine,1076.233552,0.06230312,17274.15176,2021-08-03T00:00:00Z,Dolichospermum_affine,Cyanobacteria,H1
IP21_061_SA,Dolichospermum,compactum,57.87391354,0.003350319,17274.15176,2021-08-03T00:00:00Z,Dolichospermum_compactum,Cyanobacteria,H1
IP21_061_SA,Dolichospermum,flos-aquae,4623.50719,0.267654658,17274.15176,2021-08-03T00:00:00Z,Dolichospermum_flos-aquae,Cyanobacteria,H1
IP21_061_SA,Dolichospermum,mucosum,117.3018818,0.006790602,17274.15176,2021-08-03T00:00:00Z,Dolichospermum_mucosum,Cyanobacteria,H1
IP21_061_SA,Geminella,sp.,17.20584497,9.96E-04,17274.15176,2021-08-03T00:00:00Z,filamentous_green_sp.,Chlorophyta,T
IP21_061_SA,Geminella,sp.,17.20584497,9.96E-04,17274.15176,2021-08-03T00:00:00Z,Geminella_sp.,Chlorophyta,T
IP21_061_SA,Geminella,sp.,17.20584497,9.96E-04,17274.15176,2021-08-03T00:00:00Z,Gonatozygon_sp.,Chlorophyta,T
IP21_061_SA,Fragilaria,sp.,407.7710322,0.02360585,17274.15176,2021-08-03T00:00:00Z,Fragilaria_sp.,Bacillariophyta,P
IP21_061_SA,Microcystis,sp.,675.533596,0.039106615,17274.15176,2021-08-03T00:00:00Z,Microcystis_sp.,Cyanobacteria,M
IP21_061_SA,Romeria,sp.,2.373092196,1.37E-04,17274.15176,2021-08-03T00:00:00Z,Romeria_sp.,Cyanobacteria,S1
IP21_061_SA,Sphaerocystis,planctonica,38.42031776,0.002224151,17274.15176,2021-08-03T00:00:00Z,Sphaerocystis_planctonica,Chlorophyta,F
IP21_061_SA,Staurastrum,sp.,841.6677059,0.048724112,17274.15176,2021-08-03T00:00:00Z,Staurastrum_sp.,Desmidiaceae,N
IP21_061_SA,unk_algae,sp5,2.502379372,1.45E-04,17274.15176,2021-08-03T00:00:00Z,unk_algae_sp5,UNK,UNK
IP21_065_SA,Aphanocapsa,holsatica,32.75583547,0.002637438,12419.56724,2021-08-10T00:00:00Z,Aphanocapsa_holsatica,Cyanobacteria,K
IP21_065_SA,Aphanothece,sp.,2.789773089,2.25E-04,12419.56724,2021-08-10T00:00:00Z,Aphanothece_sp.,Cyanobacteria,K
IP21_065_SA,Aulacoseira,granulata,1913.050154,0.15403517,12419.56724,2021-08-10T00:00:00Z,Aulacoseira_granulata,Bacillariophyta,P
IP21_065_SA,Carteria,sp.,280.8885228,0.022616611,12419.56724,2021-08-10T00:00:00Z,Carteria_sp.,Chlorophyta,X2
IP21_065_SA,Chlamydomonas,sp.,114.9208901,0.009253212,12419.56724,2021-08-10T00:00:00Z,Chlamydomonas_sp.,Chlorophyta,X2
IP21_065_SA,Chroococcus,aphanocapsoides,45.16289063,0.00363643,12419.56724,2021-08-10T00:00:00Z,Chroococcus_aphanocapsoides,Cyanobacteria,Lo
IP21_065_SA,Chroomonas,sp.,13.24844611,0.00106674,12419.56724,2021-08-10T00:00:00Z,Chroomonas_sp.,Cryptophyta,X2
IP21_065_SA,Chrysochromulina,parva,11.4247951,9.20E-04,12419.56724,2021-08-10T00:00:00Z,Chrysochromulina_parva,Prymnesiaceae,X2
IP21_065_SA,coccoid_green,sp.,11.08966644,8.93E-04,12419.56724,2021-08-10T00:00:00Z,coccoid_green_sp.,Chlorophyta,UNK
IP21_065_SA,coccoid_green,sp2,12.88642369,0.00103759,12419.56724,2021-08-10T00:00:00Z,coccoid_green_sp2,Chlorophyta,UNK
IP21_065_SA,Cryptomonas,sp.,107.0562071,0.008619963,12419.56724,2021-08-10T00:00:00Z,Cryptomonas_sp.,Cryptophyta,Y
IP21_065_SA,Cuspidothrix,issatschenkoi,235.1205302,0.018931459,12419.56724,2021-08-10T00:00:00Z,Cuspidothrix_issatschenkoi,Cyanobacteria,S2
IP21_065_SA,Cylindrospermopsis,raciborskii,16.65676298,0.001341171,12419.56724,2021-08-10T00:00:00Z,Cylindrospermopsis_raciborskii,Cyanobacteria,SN
IP21_065_SA,Desmodesmus,communis,4.327381348,3.48E-04,12419.56724,2021-08-10T00:00:00Z,Desmodesmus_communis,Chlorophyta,J
IP21_065_SA,Dictyosphaerum,sp.,2.18275273,1.76E-04,12419.56724,2021-08-10T00:00:00Z,Dictyosphaerum_sp.,Chlorophyta,F
IP21_065_SA,Dolichospermum,affine,2706.658845,0.217935037,12419.56724,2021-08-10T00:00:00Z,Dolichospermum_affine,Cyanobacteria,H1
IP21_065_SA,Dolichospermum,circanale,123.2323669,0.009922436,12419.56724,2021-08-10T00:00:00Z,Dolichospermum_circanale,Cyanobacteria,H1
IP21_065_SA,Dolichospermum,compactum,3127.487642,0.251819374,12419.56724,2021-08-10T00:00:00Z,Dolichospermum_compactum,Cyanobacteria,H1
IP21_065_SA,Dolichospermum,flos-aquae,1398.669273,0.112618197,12419.56724,2021-08-10T00:00:00Z,Dolichospermum_flos-aquae,Cyanobacteria,H1
IP21_065_SA,Dolichospermum,mucosum,1239.816166,0.099827646,12419.56724,2021-08-10T00:00:00Z,Dolichospermum_mucosum,Cyanobacteria,H1
IP21_065_SA,Dolichospermum,sp.,38.18541776,0.003074617,12419.56724,2021-08-10T00:00:00Z,Dolichospermum_sp.,Cyanobacteria,H1
IP21_065_SA,Eudorina,sp.,5.589077677,4.50E-04,12419.56724,2021-08-10T00:00:00Z,Eudorina_sp.,Chlorophyta,G
IP21_065_SA,Fragilaria,sp.,85.16205713,0.006857087,12419.56724,2021-08-10T00:00:00Z,Fragilaria_sp.,Bacillariophyta,P
IP21_065_SA,Golenkinia,paucispina,23.27801589,0.001874302,12419.56724,2021-08-10T00:00:00Z,Golenkinia_paucispina,Chlorophyta,J
IP21_065_SA,Kirchneriella,lunaris,0.331285875,2.67E-05,12419.56724,2021-08-10T00:00:00Z,Kirchneriella_lunaris,Chlorophyta,F
IP21_065_SA,Microcystis,sp.,45.89460543,0.003695347,12419.56724,2021-08-10T00:00:00Z,Microcystis_sp.,Cyanobacteria,M
IP21_065_SA,Microcystis,wesenbergii,225.7375698,0.018175961,12419.56724,2021-08-10T00:00:00Z,Microcystis_wesenbergii,Cyanobacteria,M
IP21_065_SA,Monoraphidium,arcuatum,1.732264001,1.39E-04,12419.56724,2021-08-10T00:00:00Z,Monoraphidium_arcuatum,Chlorophyta,X1
IP21_065_SA,Monoraphidium,contortum,10.95683817,8.82E-04,12419.56724,2021-08-10T00:00:00Z,Monoraphidium_contortum,Chlorophyta,X1
IP21_065_SA,Monoraphidium,minutum,0.93379818,7.52E-05,12419.56724,2021-08-10T00:00:00Z,Monoraphidium_minutum,Chlorophyta,X1
IP21_065_SA,Oocystis,parva,23.05290772,0.001856176,12419.56724,2021-08-10T00:00:00Z,Oocystis_parva,Chlorophyta,F
IP21_065_SA,Plagioselmis,nannoplanctica,6.234140224,5.02E-04,12419.56724,2021-08-10T00:00:00Z,Plagioselmis_nannoplanctica,Cryptophyta,X2
IP21_065_SA,Pseudoanabaena,limnetica,9.251058824,7.45E-04,12419.56724,2021-08-10T00:00:00Z,Pseudoanabaena_limnetica,Cyanobacteria,S1
IP21_065_SA,Romeria,sp.,28.84308394,0.00232239,12419.56724,2021-08-10T00:00:00Z,Romeria_sp.,Cyanobacteria,S1
IP21_065_SA,Scenedesmus,sp.,1.410690062,1.14E-04,12419.56724,2021-08-10T00:00:00Z,Scenedesmus_sp.,Chlorophyta,J
IP21_065_SA,Schroederia,setigera,28.23870794,0.002273727,12419.56724,2021-08-10T00:00:00Z,Schroederia_setigera,Chlorophyta,X3
IP21_065_SA,Tetraselmis,sp.,478.0106416,0.03848851,12419.56724,2021-08-10T00:00:00Z,Tetraselmis_sp.,Chlorophyta,X2
IP21_065_SA,unk_algae,sp3,2.357793832,1.90E-04,12419.56724,2021-08-10T00:00:00Z,unk_algae_sp3,UNK,UNK
IP21_065_SA,unk_algae,sp5,2.015805605,1.62E-04,12419.56724,2021-08-10T00:00:00Z,unk_algae_sp5,UNK,UNK
IP21_065_SA,unk_diatom,sp.,2.926156318,2.36E-04,12419.56724,2021-08-10T00:00:00Z,unk_diatom_sp.,Bacillariophyta,D
IP21_070_SA,Actinastrum,sp.,3.333454948,2.46E-04,13528.31194,2021-08-19T00:00:00Z,Actinastrum_sp.,Chlorophyta,J
IP21_070_SA,Aphanizomenon,flos-aquae,37.65005964,0.002783057,13528.31194,2021-08-19T00:00:00Z,Aphanizomenon_flos-aquae,Cyanobacteria,H1
IP21_070_SA,Aphanocapsa,holsatica,43.89513535,0.003244687,13528.31194,2021-08-19T00:00:00Z,Aphanocapsa_holsatica,Cyanobacteria,K
IP21_070_SA,Aphanothece,sp.,4.372157239,3.23E-04,13528.31194,2021-08-19T00:00:00Z,Aphanothece_sp.,Cyanobacteria,K
IP21_070_SA,Aulacoseira,granulata,6624.406087,0.489669821,13528.31194,2021-08-19T00:00:00Z,Aulacoseira_granulata,Bacillariophyta,P
IP21_070_SA,Carteria,sp.,341.4371831,0.025238713,13528.31194,2021-08-19T00:00:00Z,Carteria_sp.,Chlorophyta,X2
IP21_070_SA,centric_diatom,sp.,623.1118742,0.046059839,13528.31194,2021-08-19T00:00:00Z,centric_diatom_sp.,Bacillariophyta,B
IP21_070_SA,Chromulina,sp.,23.10679423,0.001708032,13528.31194,2021-08-19T00:00:00Z,Chromulina_sp.,Chrysophyta,X3
IP21_070_SA,Chrysochromulina,parva,0.745419166,5.51E-05,13528.31194,2021-08-19T00:00:00Z,Chrysochromulina_parva,Prymnesiaceae,X2
IP21_070_SA,coccoid_green,sp.,49.89013955,0.003687832,13528.31194,2021-08-19T00:00:00Z,coccoid_green_sp.,Chlorophyta,UNK
IP21_070_SA,Desmodesmus,communis,4.232423137,3.13E-04,13528.31194,2021-08-19T00:00:00Z,Desmodesmus_communis,Chlorophyta,J
IP21_070_SA,Dolichospermum,flos-aquae,2629.90919,0.194400395,13528.31194,2021-08-19T00:00:00Z,Dolichospermum_flos-aquae,Cyanobacteria,H1
IP21_070_SA,Dolichospermum,mucosum,185.3239456,0.01369897,13528.31194,2021-08-19T00:00:00Z,Dolichospermum_mucosum,Cyanobacteria,H1
IP21_070_SA,Kirchneriella,lunaris,2.916146513,2.16E-04,13528.31194,2021-08-19T00:00:00Z,Kirchneriella_lunaris,Chlorophyta,F
IP21_070_SA,Monoraphidium,arcuatum,1.146753344,8.48E-05,13528.31194,2021-08-19T00:00:00Z,Monoraphidium_arcuatum,Chlorophyta,X1
IP21_070_SA,Monoraphidium,contortum,13.08290768,9.67E-04,13528.31194,2021-08-19T00:00:00Z,Monoraphidium_contortum,Chlorophyta,X1
IP21_070_SA,Monoraphidium,minutum,0.887701607,6.56E-05,13528.31194,2021-08-19T00:00:00Z,Monoraphidium_minutum,Chlorophyta,X1
IP21_070_SA,Oocystis,parva,18.11174079,0.001338803,13528.31194,2021-08-19T00:00:00Z,Oocystis_parva,Chlorophyta,F
IP21_070_SA,Peridinium,sp.,200.9814438,0.014856358,13528.31194,2021-08-19T00:00:00Z,Peridinium_sp.,Dinophyceae,Lo
IP21_070_SA,Plagioselmis,nannoplanctica,12.19468182,9.01E-04,13528.31194,2021-08-19T00:00:00Z,Plagioselmis_nannoplanctica,Cryptophyta,X2
IP21_070_SA,Pseudoanabaena,limnetica,47.11954178,0.003483032,13528.31194,2021-08-19T00:00:00Z,Pseudoanabaena_limnetica,Cyanobacteria,S1
IP21_070_SA,Romeria,sp.,6.376040564,4.71E-04,13528.31194,2021-08-19T00:00:00Z,Romeria_sp.,Cyanobacteria,S1
IP21_070_SA,Schroederia,setigera,5.612194532,4.15E-04,13528.31194,2021-08-19T00:00:00Z,Schroederia_setigera,Chlorophyta,X3
IP21_070_SA,unk_diatom,sp.,6.13722011,4.54E-04,13528.31194,2021-08-19T00:00:00Z,unk_diatom_sp.,Bacillariophyta,D
IP21_070_SA,Synedra,sp.,18.66734771,0.001379873,13528.31194,2021-08-19T00:00:00Z,Synedra_sp.,Bacillariophyta,D
IP21_070_SA,Tabularia,sp.,1054.137621,0.077920854,13528.31194,2021-08-19T00:00:00Z,Tabularia_sp.,Bacillariophyta,D
IP21_070_SA,Tetraselmis,sp.,560.102262,0.041402228,13528.31194,2021-08-19T00:00:00Z,Tetraselmis_sp.,Chlorophyta,X2
IP21_070_SA,Ulnaria,sp.,939.2402427,0.069427749,13528.31194,2021-08-19T00:00:00Z,Ulnaria_sp.,Bacillariophyta,D
IP21_070_SA,unk_algae,sp1,70.18422862,0.005187952,13528.31194,2021-08-19T00:00:00Z,unk_algae_sp1,UNK,UNK
IP21_074_SA,Actinastrum,sp.,2.363049175,2.44E-04,9701.839225,2021-08-25T00:00:00Z,Actinastrum_sp.,Chlorophyta,J
IP21_074_SA,Aphanocapsa,holsatica,23.16438563,0.002387628,9701.839225,2021-08-25T00:00:00Z,Aphanocapsa_holsatica,Cyanobacteria,K
IP21_074_SA,Snowella,sp.,47.70480234,0.004917089,9701.839225,2021-08-25T00:00:00Z,Snowella_sp.,Cyanobacteria,Lo
IP21_074_SA,Aulacoseira,granulata,6134.514161,0.632304249,9701.839225,2021-08-25T00:00:00Z,Aulacoseira_granulata,Bacillariophyta,P
IP21_074_SA,Carteria,sp.,49.31877262,0.005083446,9701.839225,2021-08-25T00:00:00Z,Carteria_sp.,Chlorophyta,X2
IP21_074_SA,Chroococcus,aphanocapsoides,37.71190783,0.003887089,9701.839225,2021-08-25T00:00:00Z,Chroococcus_aphanocapsoides,Cyanobacteria,Lo
IP21_074_SA,Chrysochromulina,parva,19.75178725,0.002035881,9701.839225,2021-08-25T00:00:00Z,Chrysochromulina_parva,Prymnesiaceae,X2
IP21_074_SA,Dolichospermum,flos-aquae,77.89347931,0.008028733,9701.839225,2021-08-25T00:00:00Z,Dolichospermum_flos-aquae,Cyanobacteria,H1
IP21_074_SA,Fragilaria,sp.,151.8317819,0.015649794,9701.839225,2021-08-25T00:00:00Z,Fragilaria_sp.,Bacillariophyta,P
IP21_074_SA,Golenkinia,paucispina,66.96197406,0.006901988,9701.839225,2021-08-25T00:00:00Z,Golenkinia_paucispina,Chlorophyta,J
IP21_074_SA,Kirchneriella,lunaris,0.45938308,4.74E-05,9701.839225,2021-08-25T00:00:00Z,Kirchneriella_lunaris,Chlorophyta,F
IP21_074_SA,Microcystis,aeruginosa,296.3839457,0.030549253,9701.839225,2021-08-25T00:00:00Z,Microcystis_aeruginosa,Cyanobacteria,M
IP21_074_SA,Microcystis,sp.,229.9925312,0.023706075,9701.839225,2021-08-25T00:00:00Z,Microcystis_sp.,Cyanobacteria,M
IP21_074_SA,Microcystis,wesenbergii,744.0308128,0.076689666,9701.839225,2021-08-25T00:00:00Z,Microcystis_wesenbergii,Cyanobacteria,M
IP21_074_SA,Monoraphidium,contortum,9.349835237,9.64E-04,9701.839225,2021-08-25T00:00:00Z,Monoraphidium_contortum,Chlorophyta,X1
IP21_074_SA,Monoraphidium,minutum,17.26489079,0.001779548,9701.839225,2021-08-25T00:00:00Z,Monoraphidium_minutum,Chlorophyta,X1
IP21_074_SA,Pediastrum,simplex,396.4754242,0.040866006,9701.839225,2021-08-25T00:00:00Z,Pediastrum_simplex,Chlorophyta,J
IP21_074_SA,Planktolyngbya,limnetica,77.79414497,0.008018495,9701.839225,2021-08-25T00:00:00Z,Planktolyngbya_limnetica,Cyanobacteria,S1
IP21_074_SA,Pseudoanabaena,limnetica,18.40472619,0.001897035,9701.839225,2021-08-25T00:00:00Z,Pseudoanabaena_limnetica,Cyanobacteria,S1
IP21_074_SA,Romeria,sp.,181.486304,0.018706381,9701.839225,2021-08-25T00:00:00Z,Romeria_sp.,Cyanobacteria,S1
IP21_074_SA,Schroederia,setigera,36.9475059,0.003808299,9701.839225,2021-08-25T00:00:00Z,Schroederia_setigera,Chlorophyta,X3
IP21_074_SA,Snowella,atomus,0.316051588,3.26E-05,9701.839225,2021-08-25T00:00:00Z,Snowella_atomus,Cyanobacteria,Lo
IP21_074_SA,Sphaerocystis,planctonica,22.8986916,0.002360242,9701.839225,2021-08-25T00:00:00Z,Sphaerocystis_planctonica,Chlorophyta,F
IP21_074_SA,unk_diatom,sp.,13.47981058,0.001389408,9701.839225,2021-08-25T00:00:00Z,unk_diatom_sp.,Bacillariophyta,D
IP21_074_SA,Tabularia,sp.,534.5493214,0.05509773,9701.839225,2021-08-25T00:00:00Z,Tabularia_sp.,Bacillariophyta,D
IP21_074_SA,Tetraselmis,sp.,45.88437264,0.004729451,9701.839225,2021-08-25T00:00:00Z,Tetraselmis_sp.,Chlorophyta,X2
IP21_074_SA,Ulnaria,sp.,187.4960611,0.019325826,9701.839225,2021-08-25T00:00:00Z,Ulnaria_sp.,Bacillariophyta,D
IP21_074_SA,Ulothrix,sp.,220.1601666,0.022692622,9701.839225,2021-08-25T00:00:00Z,Ulothrix_sp.,Chlorophyta,MP
IP21_074_SA,unk_algae,sp1,57.24914481,0.005900855,9701.839225,2021-08-25T00:00:00Z,unk_algae_sp1,UNK,UNK
IP21_078_SA,Actinastrum,sp.,20.16740244,0.001746071,11550.16005,2021-09-03T00:00:00Z,Actinastrum_sp.,Chlorophyta,J
IP21_078_SA,Aphanizomenon,flos-aquae,23.36066894,0.002022541,11550.16005,2021-09-03T00:00:00Z,Aphanizomenon_flos-aquae,Cyanobacteria,H1
IP21_078_SA,Aphanocapsa,holsatica,101.4557376,0.008783925,11550.16005,2021-09-03T00:00:00Z,Aphanocapsa_holsatica,Cyanobacteria,K
IP21_078_SA,Aphanothece,sp.,36.54057633,0.003163642,11550.16005,2021-09-03T00:00:00Z,Aphanothece_sp.,Cyanobacteria,K
IP21_078_SA,Aulacoseira,granulata,6190.613807,0.535976452,11550.16005,2021-09-03T00:00:00Z,Aulacoseira_granulata,Bacillariophyta,P
IP21_078_SA,Carteria,sp.,13.05743404,0.001130498,11550.16005,2021-09-03T00:00:00Z,Carteria_sp.,Chlorophyta,X2
IP21_078_SA,centric_diatom,sp.,92.14538095,0.007977845,11550.16005,2021-09-03T00:00:00Z,centric_diatom_sp.,Bacillariophyta,B
IP21_078_SA,Chamaesiphon,sp.,34.81165378,0.003013954,11550.16005,2021-09-03T00:00:00Z,Chamaesiphon_sp.,Cyanobacteria,NA
IP21_078_SA,Chromulina,sp.,19.65882728,0.001702039,11550.16005,2021-09-03T00:00:00Z,Chromulina_sp.,Chrysophyta,X3
IP21_078_SA,Chroococcus,aphanocapsoides,39.99882665,0.003463054,11550.16005,2021-09-03T00:00:00Z,Chroococcus_aphanocapsoides,Cyanobacteria,Lo
IP21_078_SA,Chroomonas,sp.,60.11740658,0.005204898,11550.16005,2021-09-03T00:00:00Z,Chroomonas_sp.,Cryptophyta,X2
IP21_078_SA,Chrysochromulina,parva,23.42670233,0.002028258,11550.16005,2021-09-03T00:00:00Z,Chrysochromulina_parva,Prymnesiaceae,X2
IP21_078_SA,coccoid_green,sp.,14.55502526,0.001260158,11550.16005,2021-09-03T00:00:00Z,coccoid_green_sp.,Chlorophyta,UNK
IP21_078_SA,Cryptomonas,obovata,75.4888721,0.006535743,11550.16005,2021-09-03T00:00:00Z,Cryptomonas_obovata,Cryptophyta,Y
IP21_078_SA,Cryptomonas,sp.,127.3670745,0.0110273,11550.16005,2021-09-03T00:00:00Z,Cryptomonas_sp.,Cryptophyta,Y
IP21_078_SA,Cuspidothrix,issatschenkoi,104.4979058,0.009047312,11550.16005,2021-09-03T00:00:00Z,Cuspidothrix_issatschenkoi,Cyanobacteria,S2
IP21_078_SA,Desmodesmus,intermedius,3.324176943,2.88E-04,11550.16005,2021-09-03T00:00:00Z,Desmodesmus_intermedius,Chlorophyta,J
IP21_078_SA,Desmodesmus,opoliensis,31.48643468,0.00272606,11550.16005,2021-09-03T00:00:00Z,Desmodesmus_opoliensis,Chlorophyta,J
IP21_078_SA,Dictyosphaerum,sp.,6.457937389,5.59E-04,11550.16005,2021-09-03T00:00:00Z,Dictyosphaerum_sp.,Chlorophyta,F
IP21_078_SA,Dolichospermum,flos-aquae,1952.026374,0.169004271,11550.16005,2021-09-03T00:00:00Z,Dolichospermum_flos-aquae,Cyanobacteria,H1
IP21_078_SA,Dolichospermum,sp.,67.03812049,0.005804086,11550.16005,2021-09-03T00:00:00Z,Dolichospermum_sp.,Cyanobacteria,H1
IP21_078_SA,Geminella,sp.,92.57554759,0.008015088,11550.16005,2021-09-03T00:00:00Z,filamentous_green_sp.,Chlorophyta,T
IP21_078_SA,Geminella,sp.,92.57554759,0.008015088,11550.16005,2021-09-03T00:00:00Z,Geminella_sp.,Chlorophyta,T
IP21_078_SA,Geminella,sp.,92.57554759,0.008015088,11550.16005,2021-09-03T00:00:00Z,Gonatozygon_sp.,Chlorophyta,T
IP21_078_SA,Fragilaria,sp.,350.9473837,0.030384634,11550.16005,2021-09-03T00:00:00Z,Fragilaria_sp.,Bacillariophyta,P
IP21_078_SA,Franceia,ovalis,8.254047772,7.15E-04,11550.16005,2021-09-03T00:00:00Z,Franceia_ovalis,Chlorophyta,F
IP21_078_SA,Golenkinia,paucispina,44.50123755,0.003852868,11550.16005,2021-09-03T00:00:00Z,Golenkinia_paucispina,Chlorophyta,J
IP21_078_SA,Microcystis,sp.,708.4872833,0.06134004,11550.16005,2021-09-03T00:00:00Z,Microcystis_sp.,Cyanobacteria,M
IP21_078_SA,Microcystis,wesenbergii,211.4219488,0.018304677,11550.16005,2021-09-03T00:00:00Z,Microcystis_wesenbergii,Cyanobacteria,M
IP21_078_SA,Monoraphidium,minutum,18.82864324,0.001630163,11550.16005,2021-09-03T00:00:00Z,Monoraphidium_minutum,Chlorophyta,X1
IP21_078_SA,Pediastrum,duplex,773.8946394,0.067002936,11550.16005,2021-09-03T00:00:00Z,Pediastrum_duplex,Chlorophyta,J
IP21_078_SA,Plagioselmis,nannoplanctica,5.83172542,5.05E-04,11550.16005,2021-09-03T00:00:00Z,Plagioselmis_nannoplanctica,Cryptophyta,X2
IP21_078_SA,Pseudoanabaena,limnetica,206.1276169,0.0178463,11550.16005,2021-09-03T00:00:00Z,Pseudoanabaena_limnetica,Cyanobacteria,S1
IP21_078_SA,Pseudoanabaena,voronicinii,0.487344709,4.22E-05,11550.16005,2021-09-03T00:00:00Z,Pseudoanabaena_voronichinii,Cyanobacteria,S1
IP21_078_SA,Pseudoanabaena,voronicinii,0.487344709,4.22E-05,11550.16005,2021-09-03T00:00:00Z,Pseudoanabaena_voronicinii,Cyanobacteria,S1
IP21_078_SA,Romeria,sp.,6.127192211,5.30E-04,11550.16005,2021-09-03T00:00:00Z,Romeria_sp.,Cyanobacteria,S1
IP21_078_SA,Scenedesmus,sp.,4.173696804,3.61E-04,11550.16005,2021-09-03T00:00:00Z,Scenedesmus_sp.,Chlorophyta,J
IP21_078_SA,Schroederia,setigera,7.481298235,6.48E-04,11550.16005,2021-09-03T00:00:00Z,Schroederia_setigera,Chlorophyta,X3
IP21_078_SA,Snowella,atomus,5.222643367,4.52E-04,11550.16005,2021-09-03T00:00:00Z,Snowella_atomus,Cyanobacteria,Lo
IP21_078_SA,Stipitococcus,sp.,7.105157491,6.15E-04,11550.16005,2021-09-03T00:00:00Z,Stipitococcus_sp.,Xanthophyceae,NA
IP21_078_SA,Stipitococcus,sp.,7.105157491,6.15E-04,11550.16005,2021-09-03T00:00:00Z,unk_xanthophyte_sp.,Xanthophyceae,UNK
IP21_078_SA,unk_diatom,sp.,32.52304113,0.002815809,11550.16005,2021-09-03T00:00:00Z,unk_diatom_sp.,Bacillariophyta,D
IP21_078_SA,unk_algae,sp2,6.191664905,5.36E-04,11550.16005,2021-09-03T00:00:00Z,unk_algae_sp2,UNK,UNK
IP21_078_SA,unk_green,sp3,22.38159237,0.001937773,11550.16005,2021-09-03T00:00:00Z,unk_green_sp3,Chlorophyta,UNK
IP21_085_SA,Anabaenopsis,sp.,109.3100396,0.006505173,16803.55568,2021-09-17T00:00:00Z,Anabaenopsis_sp.,Cyanobacteria,H1
IP21_085_SA,Aphanizomenon,flos-aquae,207.1790503,0.012329477,16803.55568,2021-09-17T00:00:00Z,Aphanizomenon_flos-aquae,Cyanobacteria,H1
IP21_085_SA,Aphanocapsa,holsatica,27.2594894,0.001622245,16803.55568,2021-09-17T00:00:00Z,Aphanocapsa_holsatica,Cyanobacteria,K
IP21_085_SA,Aphanocapsa,sp.,11.08494479,6.60E-04,16803.55568,2021-09-17T00:00:00Z,Aphanocapsa_sp.,Cyanobacteria,K
IP21_085_SA,Aulacoseira,granulata,5933.811706,0.353128339,16803.55568,2021-09-17T00:00:00Z,Aulacoseira_granulata,Bacillariophyta,P
IP21_085_SA,centric_diatom,sp.,268.4190505,0.015973944,16803.55568,2021-09-17T00:00:00Z,centric_diatom_sp.,Bacillariophyta,B
IP21_085_SA,Chroomonas,sp.,29.00712411,0.001726249,16803.55568,2021-09-17T00:00:00Z,Chroomonas_sp.,Cryptophyta,X2
IP21_085_SA,Chrysochromulina,parva,3.079898124,1.83E-04,16803.55568,2021-09-17T00:00:00Z,Chrysochromulina_parva,Prymnesiaceae,X2
IP21_085_SA,coccoid_green,sp3,42.48588769,0.002528387,16803.55568,2021-09-17T00:00:00Z,coccoid_green_sp3,Chlorophyta,UNK
IP21_085_SA,coccoid_green,sp4,11.04579858,6.57E-04,16803.55568,2021-09-17T00:00:00Z,coccoid_green_sp4,Chlorophyta,UNK
IP21_085_SA,coccoid_green,sp6,3.328258585,1.98E-04,16803.55568,2021-09-17T00:00:00Z,coccoid_green_sp6,Chlorophyta,UNK
IP21_085_SA,Cryptomonas,sp.,65.91094518,0.00392244,16803.55568,2021-09-17T00:00:00Z,Cryptomonas_sp.,Cryptophyta,Y
IP21_085_SA,Cuspidothrix,issatschenkoi,42.77867951,0.002545811,16803.55568,2021-09-17T00:00:00Z,Cuspidothrix_issatschenkoi,Cyanobacteria,S2
IP21_085_SA,Desmodesmus,armatus,11.25070984,6.70E-04,16803.55568,2021-09-17T00:00:00Z,Desmodesmus_armatus,Chlorophyta,J
IP21_085_SA,Desmodesmus,communis,3.158229195,1.88E-04,16803.55568,2021-09-17T00:00:00Z,Desmodesmus_communis,Chlorophyta,J
IP21_085_SA,Dolichospermum,affine,585.0949311,0.03481971,16803.55568,2021-09-17T00:00:00Z,Dolichospermum_affine,Cyanobacteria,H1
IP21_085_SA,Dolichospermum,compactum,197.196342,0.011735394,16803.55568,2021-09-17T00:00:00Z,Dolichospermum_compactum,Cyanobacteria,H1
IP21_085_SA,Dolichospermum,flos-aquae,1076.544437,0.064066466,16803.55568,2021-09-17T00:00:00Z,Dolichospermum_flos-aquae,Cyanobacteria,H1
IP21_085_SA,Gonium,sp.,7.154658622,4.26E-04,16803.55568,2021-09-17T00:00:00Z,Gonium_sp.,Chlorophyta,W1
IP21_085_SA,Kirchneriella,lunaris,0.241780569,1.44E-05,16803.55568,2021-09-17T00:00:00Z,Kirchneriella_lunaris,Chlorophyta,F
IP21_085_SA,Microcystis,aeruginosa,6591.4482,0.392265085,16803.55568,2021-09-17T00:00:00Z,Microcystis_aeruginosa,Cyanobacteria,M
IP21_085_SA,Microcystis,sp.,868.0795398,0.051660467,16803.55568,2021-09-17T00:00:00Z,Microcystis_sp.,Cyanobacteria,M
IP21_085_SA,Monoraphidium,arcuatum,0.855706004,5.09E-05,16803.55568,2021-09-17T00:00:00Z,Monoraphidium_arcuatum,Chlorophyta,X1
IP21_085_SA,Monoraphidium,contortum,1.230241479,7.32E-05,16803.55568,2021-09-17T00:00:00Z,Monoraphidium_contortum,Chlorophyta,X1
IP21_085_SA,Plagioselmis,nannoplanctica,23.65910901,0.001407982,16803.55568,2021-09-17T00:00:00Z,Plagioselmis_nannoplanctica,Cryptophyta,X2
IP21_085_SA,Planktolyngbya,limnetica,8.913728107,5.30E-04,16803.55568,2021-09-17T00:00:00Z,Planktolyngbya_limnetica,Cyanobacteria,S1
IP21_085_SA,Pseudoanabaena,limnetica,63.01768977,0.003750259,16803.55568,2021-09-17T00:00:00Z,Pseudoanabaena_limnetica,Cyanobacteria,S1
IP21_085_SA,Scenedesmus,sp.,23.57178155,0.001402785,16803.55568,2021-09-17T00:00:00Z,Scenedesmus_sp.,Chlorophyta,J
IP21_085_SA,Schroederia,setigera,54.27676983,0.003230076,16803.55568,2021-09-17T00:00:00Z,Schroederia_setigera,Chlorophyta,X3
IP21_085_SA,unk_diatom,sp.,7.094637147,4.22E-04,16803.55568,2021-09-17T00:00:00Z,unk_diatom_sp.,Bacillariophyta,D
IP21_085_SA,Tabularia,sp.,312.72716,0.018610773,16803.55568,2021-09-17T00:00:00Z,Tabularia_sp.,Bacillariophyta,D
IP21_085_SA,Tetrabaena,sp.,7.685873006,4.57E-04,16803.55568,2021-09-17T00:00:00Z,Tetrabaena_sp.,Chlorophyta,UNK
IP21_085_SA,Ulothrix,sp.,75.9478872,0.004519751,16803.55568,2021-09-17T00:00:00Z,Ulothrix_sp.,Chlorophyta,MP
IP21_085_SA,unk_algae,sp2,28.21168826,0.001678912,16803.55568,2021-09-17T00:00:00Z,unk_algae_sp2,UNK,UNK
IP21_085_SA,unk_algae,sp4,29.98337064,0.001784347,16803.55568,2021-09-17T00:00:00Z,unk_algae_sp4,UNK,UNK
IP21_085_SA,unk_diatom,sp.,60.37276682,0.003592857,16803.55568,2021-09-17T00:00:00Z,unk_diatom_sp.,Bacillariophyta,D
IP21_085_SA,unk_green,sp.,11.13757668,6.63E-04,16803.55568,2021-09-17T00:00:00Z,unk_green_sp.,Chlorophyta,UNK
IP21_089_SA,Aphanizomenon,flos-aquae,193.3339696,0.015580313,12408.86297,2021-09-25T00:00:00Z,Aphanizomenon_flos-aquae,Cyanobacteria,H1
IP21_089_SA,Aphanocapsa,holsatica,117.776789,0.009491344,12408.86297,2021-09-25T00:00:00Z,Aphanocapsa_holsatica,Cyanobacteria,K
IP21_089_SA,Aulacoseira,granulata,2494.664783,0.20103895,12408.86297,2021-09-25T00:00:00Z,Aulacoseira_granulata,Bacillariophyta,P
IP21_089_SA,centric_diatom,sp.,52.85703466,0.004259619,12408.86297,2021-09-25T00:00:00Z,centric_diatom_sp.,Bacillariophyta,B
IP21_089_SA,centric_diatom,sp2,124.1834124,0.010007638,12408.86297,2021-09-25T00:00:00Z,centric_diatom_sp2,Bacillariophyta,B
IP21_089_SA,Chlamydomonas,globosa,7.136422351,5.75E-04,12408.86297,2021-09-25T00:00:00Z,Chlamydomonas_globosa,Chlorophyta,X2
IP21_089_SA,Chroomonas,sp.,61.42685106,0.00495024,12408.86297,2021-09-25T00:00:00Z,Chroomonas_sp.,Cryptophyta,X2
IP21_089_SA,Chrysochromulina,parva,4.63765679,3.74E-04,12408.86297,2021-09-25T00:00:00Z,Chrysochromulina_parva,Prymnesiaceae,X2
IP21_089_SA,coccoid_green,sp.,3.839087301,3.09E-04,12408.86297,2021-09-25T00:00:00Z,coccoid_green_sp.,Chlorophyta,UNK
IP21_089_SA,Coelastrum,asteroidium,11.51830005,9.28E-04,12408.86297,2021-09-25T00:00:00Z,Coelastrum_asteroidium,Chlorophyta,J
IP21_089_SA,colonial_green,sp.,0.604051114,4.87E-05,12408.86297,2021-09-25T00:00:00Z,colonial_green_sp.,Chlorophyta,UNK
IP21_089_SA,Cuspidothrix,issatschenkoi,20.75308877,0.001672441,12408.86297,2021-09-25T00:00:00Z,Cuspidothrix_issatschenkoi,Cyanobacteria,S2
IP21_089_SA,Desmodesmus,armatus,11.9125163,9.60E-04,12408.86297,2021-09-25T00:00:00Z,Desmodesmus_armatus,Chlorophyta,J
IP21_089_SA,Desmodesmus,communis,1.254002768,1.01E-04,12408.86297,2021-09-25T00:00:00Z,Desmodesmus_communis,Chlorophyta,J
IP21_089_SA,Desmodesmus,irregulares,0.327490004,2.64E-05,12408.86297,2021-09-25T00:00:00Z,Desmodesmus_irregulares,Chlorophyta,J
IP21_089_SA,Desmodesmus,opoliensis,16.65032035,0.001341809,12408.86297,2021-09-25T00:00:00Z,Desmodesmus_opoliensis,Chlorophyta,J
IP21_089_SA,Dolichospermum,affine,175.216839,0.014120298,12408.86297,2021-09-25T00:00:00Z,Dolichospermum_affine,Cyanobacteria,H1
IP21_089_SA,Dolichospermum,flos-aquae,2101.008452,0.169315146,12408.86297,2021-09-25T00:00:00Z,Dolichospermum_flos-aquae,Cyanobacteria,H1
IP21_089_SA,Dolichospermum,mucosum,115.0602946,0.009272428,12408.86297,2021-09-25T00:00:00Z,Dolichospermum_mucosum,Cyanobacteria,H1
IP21_089_SA,Golenkinia,paucispina,27.54382292,0.00221969,12408.86297,2021-09-25T00:00:00Z,Golenkinia_paucispina,Chlorophyta,J
IP21_089_SA,Gyrosigma,sp.,3958.46262,0.319002847,12408.86297,2021-09-25T00:00:00Z,Gyrosigma_sp.,Bacillariophyta,C
IP21_089_SA,Kirchneriella,lunaris,0.960011081,7.74E-05,12408.86297,2021-09-25T00:00:00Z,Kirchneriella_lunaris,Chlorophyta,F
IP21_089_SA,Microcystis,aeruginosa,758.2676113,0.061106937,12408.86297,2021-09-25T00:00:00Z,Microcystis_aeruginosa,Cyanobacteria,M
IP21_089_SA,Microcystis,sp.,13.49108238,0.001087213,12408.86297,2021-09-25T00:00:00Z,Microcystis_sp.,Cyanobacteria,M
IP21_089_SA,Monoraphidium,contortum,0.976956468,7.87E-05,12408.86297,2021-09-25T00:00:00Z,Monoraphidium_contortum,Chlorophyta,X1
IP21_089_SA,Monoraphidium,minutum,1.443195205,1.16E-04,12408.86297,2021-09-25T00:00:00Z,Monoraphidium_minutum,Chlorophyta,X1
IP21_089_SA,Oocystis,sp.,4.583619331,3.69E-04,12408.86297,2021-09-25T00:00:00Z,Oocystis_sp.,Chlorophyta,F
IP21_089_SA,Pediastrum,duplex,84.41645637,0.006802916,12408.86297,2021-09-25T00:00:00Z,Pediastrum_duplex,Chlorophyta,J
IP21_089_SA,Pediastrum,simplex,540.4974482,0.043557371,12408.86297,2021-09-25T00:00:00Z,Pediastrum_simplex,Chlorophyta,J
IP21_089_SA,Peridinium,sp.,97.85117059,0.007885587,12408.86297,2021-09-25T00:00:00Z,Peridinium_sp.,Dinophyceae,Lo
IP21_089_SA,Plagioselmis,nannoplanctica,23.12383505,0.001863493,12408.86297,2021-09-25T00:00:00Z,Plagioselmis_nannoplanctica,Cryptophyta,X2
IP21_089_SA,Planktolyngbya,limnetica,10.3262204,8.32E-04,12408.86297,2021-09-25T00:00:00Z,Planktolyngbya_limnetica,Cyanobacteria,S1
IP21_089_SA,Pseudoanabaena,limnetica,54.1619375,0.004364778,12408.86297,2021-09-25T00:00:00Z,Pseudoanabaena_limnetica,Cyanobacteria,S1
IP21_089_SA,Romeria,sp.,4.778832593,3.85E-04,12408.86297,2021-09-25T00:00:00Z,Romeria_sp.,Cyanobacteria,S1
IP21_089_SA,Scenedesmus,sp.,14.55284669,0.001172778,12408.86297,2021-09-25T00:00:00Z,Scenedesmus_sp.,Chlorophyta,J
IP21_089_SA,Schroederia,setigera,11.72413976,9.45E-04,12408.86297,2021-09-25T00:00:00Z,Schroederia_setigera,Chlorophyta,X3
IP21_089_SA,Snowella,atomus,5.130651236,4.13E-04,12408.86297,2021-09-25T00:00:00Z,Snowella_atomus,Cyanobacteria,Lo
IP21_089_SA,Stephanodiscus,niagarae,477.9048669,0.038513188,12408.86297,2021-09-25T00:00:00Z,Stephanodiscus_niagarae,Bacillariophyta,C
IP21_089_SA,unk_diatom,sp.,2.766668614,2.23E-04,12408.86297,2021-09-25T00:00:00Z,unk_diatom_sp.,Bacillariophyta,D
IP21_089_SA,Synedra,sp.,13.91032146,0.001120999,12408.86297,2021-09-25T00:00:00Z,Synedra_sp.,Bacillariophyta,D
IP21_089_SA,Tabularia,sp.,569.403524,0.045886841,12408.86297,2021-09-25T00:00:00Z,Tabularia_sp.,Bacillariophyta,D
IP21_089_SA,Tetraselmis,sp.,66.33416706,0.005345709,12408.86297,2021-09-25T00:00:00Z,Tetraselmis_sp.,Chlorophyta,X2
IP21_089_SA,Trachelomonas,sp.,83.59284121,0.006736543,12408.86297,2021-09-25T00:00:00Z,Trachelomonas_sp.,Euglenophyceae,W2
IP21_089_SA,Trachelomonas,sp.,83.59284121,0.006736543,12408.86297,2021-09-25T00:00:00Z,Trachlemonas_sp.,Euglenophyceae,W2
IP21_089_SA,Ulnaria,sp.,44.61269964,0.003595229,12408.86297,2021-09-25T00:00:00Z,Ulnaria_sp.,Bacillariophyta,D
IP21_089_SA,unk_algae,sp2,12.64819157,0.001019287,12408.86297,2021-09-25T00:00:00Z,unk_algae_sp2,UNK,UNK
IP21_089_SA,unk_diatom,sp1,11.23587327,9.05E-04,12408.86297,2021-09-25T00:00:00Z,unk_diatom_sp1,Bacillariophyta,UNK
IP21_094_SA,Aphanizomenon,flos-aquae,159.4343829,0.034016306,4686.998699,2021-10-11T00:00:00Z,Aphanizomenon_flos-aquae,Cyanobacteria,H1
IP21_094_SA,Asterionella,formosa,114.8237566,0.024498355,4686.998699,2021-10-11T00:00:00Z,Asterionella_formosa,Bacillariophyta,C
IP21_094_SA,Aulacoseira,granulata,2348.1775,0.500998112,4686.998699,2021-10-11T00:00:00Z,Aulacoseira_granulata,Bacillariophyta,P
IP21_094_SA,Carteria,sp.,44.54526779,0.009504007,4686.998699,2021-10-11T00:00:00Z,Carteria_sp.,Chlorophyta,X2
IP21_094_SA,centric_diatom,sp.,46.77573176,0.00997989,4686.998699,2021-10-11T00:00:00Z,centric_diatom_sp.,Bacillariophyta,B
IP21_094_SA,Cryptomonas,sp.,57.04869265,0.012171689,4686.998699,2021-10-11T00:00:00Z,Cryptomonas_sp.,Cryptophyta,Y
IP21_094_SA,Cuspidothrix,issatschenkoi,70.25982585,0.014990366,4686.998699,2021-10-11T00:00:00Z,Cuspidothrix_issatschenkoi,Cyanobacteria,S2
IP21_094_SA,Desmodesmus,armatus,3.015472385,6.43E-04,4686.998699,2021-10-11T00:00:00Z,Desmodesmus_armatus,Chlorophyta,J
IP21_094_SA,Desmodesmus,communis,0.317431735,6.77E-05,4686.998699,2021-10-11T00:00:00Z,Desmodesmus_communis,Chlorophyta,J
IP21_094_SA,Dolichospermum,flos-aquae,435.9400422,0.093010489,4686.998699,2021-10-11T00:00:00Z,Dolichospermum_flos-aquae,Cyanobacteria,H1
IP21_094_SA,Golenkinia,paucispina,50.42053865,0.010757532,4686.998699,2021-10-11T00:00:00Z,Golenkinia_paucispina,Chlorophyta,J
IP21_094_SA,Kirchneriella,lunaris,0.77763907,1.66E-04,4686.998699,2021-10-11T00:00:00Z,Kirchneriella_lunaris,Chlorophyta,F
IP21_094_SA,Microcystis,aeruginosa,271.549111,0.057936673,4686.998699,2021-10-11T00:00:00Z,Microcystis_aeruginosa,Cyanobacteria,M
IP21_094_SA,Pediastrum,simplex,301.2633526,0.064276389,4686.998699,2021-10-11T00:00:00Z,Pediastrum_simplex,Chlorophyta,J
IP21_094_SA,Plagioselmis,nannoplanctica,5.412642603,0.001154821,4686.998699,2021-10-11T00:00:00Z,Plagioselmis_nannoplanctica,Cryptophyta,X2
IP21_094_SA,Planktolyngbya,limnetica,2.01494692,4.30E-04,4686.998699,2021-10-11T00:00:00Z,Planktolyngbya_limnetica,Cyanobacteria,S1
IP21_094_SA,Stephanodiscus,niagarae,714.9013093,0.152528591,4686.998699,2021-10-11T00:00:00Z,Stephanodiscus_niagarae,Bacillariophyta,C
IP21_094_SA,Tetraselmis,sp.,8.815830705,0.001880912,4686.998699,2021-10-11T00:00:00Z,Tetraselmis_sp.,Chlorophyta,X2
IP21_094_SA,Ulothrix,sp.,33.64141715,0.007177603,4686.998699,2021-10-11T00:00:00Z,Ulothrix_sp.,Chlorophyta,MP
IP21_094_SA,unk_algae,sp.,12.19272738,0.002601393,4686.998699,2021-10-11T00:00:00Z,unk_algae_sp.,UNK,UNK
IP21_094_SA,unk_algae,sp2,5.671079967,0.00120996,4686.998699,2021-10-11T00:00:00Z,unk_algae_sp2,UNK,UNK
